Order ID,Product_Category,Shipping_Mode,Order Value,Package_Weight_Kg,Warehouse Distance Km,Items in Order,Warehouse_Processing_Hours,Courier_Load_Index,Traffic Index,Delivery_Time_Hours
ORD-10001,Office Supplies,Standard,73.58,3.3,253,5,9.8,0.77,0.93,14.3
ORD-10002,Books,Express,69.51,1.8,253,6,3.1,1.18,1.52,10.7
ORD-10003,Apparel,Standard,202.12,0.3,431,1,15.6,0.84,1.01,24.7
ORD-10004,Toys & Games,Standard,95.15,3.0,520,2,6.4,1.25,1.6,32.4
ORD-10005,Health & Beauty,Express,109.78,0.8,466,3,4.7,0.91,1.09,12.4
ORD-10006,Electronics,Standard,799.49,6.7,698,4,12.2,1.32,1.68,50.9
ORD-10007,Sports & Outdoors,Standard,219.52,6.2,787,5,15.1,0.98,1.17,37.7
ORD-10008,Home & Kitchen,Express,269.99,10.9,59,6,2.2,1.39,1.76,4.6
ORD-10009,Office Supplies,Standard,50.9,3.3,965,1,8.8,1.05,1.25,40.5
ORD-10010,Books,Same Day,26.87,2.2,55,2,2.1,0.71,1.84,4.5
ORD-10011,Apparel,Economy,186.36,0.3,1356,3,20.2,1.12,1.33,101.0
ORD-10012,Toys & Games,Standard,61.99,0.7,182,4,5.4,0.78,1.92,12.2
ORD-10013,Health & Beauty,Express,72.82,1.0,414,5,3.5,1.19,1.41,15.1
ORD-10014,Electronics,Economy,825.05,2.3,365,6,15.2,0.85,0.9,26.4
ORD-10015,Sports & Outdoors,Standard,163.04,2.4,449,1,14.1,1.26,1.49,35.2
ORD-10016,Home & Kitchen,Express,117.87,7.3,627,2,5.1,0.92,0.98,14.5
ORD-10017,Office Supplies,Economy,27.22,3.3,674,3,10.2,1.33,1.57,66.5
ORD-10018,Books,Standard,48.23,2.6,716,4,10.7,0.99,1.06,29.5
ORD-10019,Apparel,Express,170.6,0.3,220,5,2.6,1.4,1.65,11.1
ORD-10020,Toys & Games,Standard,27.83,1.9,894,6,4.4,1.06,1.14,31.4
ORD-10021,Health & Beauty,Standard,35.86,1.2,983,1,7.3,0.72,1.73,37.9
ORD-10022,Electronics,Express,851.61,3.9,433,2,4.2,1.13,1.22,14.1
ORD-10023,Sports & Outdoors,Standard,107.56,7.6,111,3,13.1,0.79,1.81,17.1
ORD-10024,Home & Kitchen,Standard,285.75,3.7,200,4,16.0,1.2,1.3,23.8
ORD-10025,Office Supplies,Express,89.54,3.3,646,5,1.7,0.86,1.89,19.2
ORD-10026,Books,Standard,70.59,0.5,378,6,9.7,1.27,1.38,26.3
ORD-10027,Apparel,Standard,154.84,0.3,467,1,12.6,0.93,0.87,22.0
ORD-10028,Toys & Games,Express,103.67,3.1,239,2,3.3,1.34,1.46,11.1
ORD-10029,Health & Beauty,Standard,93.9,1.4,645,3,6.3,1.0,0.95,21.6
ORD-10030,Electronics,Same Day,127.17,5.5,27,4,2.5,1.41,1.54,4.5
ORD-10031,Sports & Outdoors,Economy,51.08,3.8,816,5,13.7,1.07,1.03,49.7
ORD-10032,Home & Kitchen,Standard,133.63,11.1,912,6,15.0,0.73,1.62,42.0
ORD-10033,Office Supplies,Express,66.86,3.3,594,1,4.6,1.14,1.11,17.1
ORD-10034,Books,Economy,27.95,0.9,1125,2,8.7,0.8,1.7,69.9
ORD-10035,Apparel,Standard,138.08,0.3,129,3,11.6,1.21,1.19,16.2
ORD-10036,Toys & Games,Express,69.51,0.8,187,4,2.1,0.87,1.78,6.9
ORD-10037,Health & Beauty,Economy,56.94,1.6,134,5,19.8,1.28,1.27,28.5
ORD-10038,Electronics,Standard,153.73,1.1,396,6,8.2,0.94,1.86,25.5
ORD-10039,Sports & Outdoors,Express,235.6,9.0,400,1,3.7,1.35,1.35,15.9
ORD-10040,Home & Kitchen,Standard,301.51,7.5,574,2,14.0,1.01,1.94,42.1
ORD-10041,Office Supplies,Standard,43.18,3.3,663,3,4.8,1.42,1.43,38.5
ORD-10042,Books,Express,49.31,1.3,613,4,5.3,1.08,0.92,15.5
ORD-10043,Apparel,Standard,122.32,0.3,841,5,10.6,0.74,1.51,34.1
ORD-10044,Toys & Games,Standard,35.35,2.0,930,6,13.5,1.15,1.0,40.2
ORD-10045,Health & Beauty,Express,19.98,1.8,206,1,2.8,0.81,1.59,7.2
ORD-10046,Electronics,Standard,179.29,2.7,1108,2,7.2,1.22,1.08,43.7
ORD-10047,Sports & Outdoors,Standard,179.12,5.2,147,3,10.1,0.88,1.67,15.5
ORD-10048,Home & Kitchen,Express,149.39,3.9,419,4,4.4,1.29,1.16,14.8
ORD-10049,Office Supplies,Standard,20.5,3.3,325,5,15.9,0.95,1.75,29.4
ORD-10050,Books,Same Day,71.67,1.7,47,6,1.1,1.36,1.24,3.7
ORD-10051,Apparel,Economy,106.56,0.3,276,1,23.3,1.02,1.83,43.9
ORD-10052,Toys & Games,Standard,111.19,3.2,592,2,12.5,1.43,1.32,40.4
ORD-10053,Health & Beauty,Express,77.02,0.2,154,3,1.6,1.09,1.91,6.9
ORD-10054,Electronics,Economy,205.85,4.3,585,4,18.3,0.75,1.4,42.9
ORD-10055,Sports & Outdoors,Standard,123.64,1.4,859,5,9.1,1.16,0.89,31.3
ORD-10056,Home & Kitchen,Express,317.27,11.3,367,6,3.2,0.82,1.48,10.6
ORD-10057,Office Supplies,Economy,82.82,3.3,894,1,13.3,1.23,0.97,56.0
ORD-10058,Books,Standard,28.03,2.1,76,2,5.7,0.89,1.56,8.3
ORD-10059,Apparel,Express,90.8,0.3,580,3,4.8,1.3,1.05,18.0
ORD-10060,Toys & Games,Standard,77.03,0.9,254,4,11.5,0.96,1.64,21.5
ORD-10061,Health & Beauty,Standard,40.06,0.4,343,5,14.4,1.37,1.13,27.7
ORD-10062,Electronics,Express,231.41,5.9,173,6,2.3,1.03,1.72,7.4
ORD-10063,Sports & Outdoors,Standard,67.16,6.6,521,1,8.1,1.44,1.21,30.8
ORD-10064,Home & Kitchen,Standard,165.15,7.7,610,2,11.0,1.1,1.8,41.2
ORD-10065,Office Supplies,Express,59.14,3.3,386,3,3.9,0.76,1.29,10.2
ORD-10066,Books,Standard,50.39,2.5,788,4,4.7,1.17,1.88,48.0
ORD-10067,Apparel,Standard,74.04,0.3,877,5,7.6,0.83,1.37,32.5
ORD-10068,Toys & Games,Express,43.87,2.1,599,6,5.5,1.24,0.86,16.1
ORD-10069,Health & Beauty,Standard,98.1,0.6,1055,1,13.4,0.9,1.45,47.8
ORD-10070,Electronics,Same Day,257.97,1.5,19,2,1.5,1.31,0.94,2.3
ORD-10071,Sports & Outdoors,Economy,251.68,2.8,1036,3,16.8,0.97,1.53,78.3
ORD-10072,Home & Kitchen,Standard,333.03,4.1,272,4,10.0,1.38,1.02,19.6
ORD-10073,Office Supplies,Express,36.46,3.3,334,5,2.7,1.04,1.61,12.0
ORD-10074,Books,Economy,72.75,0.4,1345,6,11.8,0.7,1.1,53.2
ORD-10075,Apparel,Standard,58.28,0.3,539,1,6.6,1.11,1.69,31.9
ORD-10076,Toys & Games,Express,119.71,3.3,547,2,4.3,0.77,1.18,12.6
ORD-10077,Health & Beauty,Economy,61.14,0.8,354,3,22.9,1.18,1.77,52.5
ORD-10078,Electronics,Standard,283.53,3.1,806,4,15.3,0.84,1.26,36.6
ORD-10079,Sports & Outdoors,Express,195.2,8.0,140,5,1.8,1.25,1.85,7.2
ORD-10080,Home & Kitchen,Standard,181.91,11.5,984,6,9.0,0.91,1.34,39.0
ORD-10081,Office Supplies,Standard,98.78,3.3,1073,1,11.9,1.32,1.93,80.2
ORD-10082,Books,Express,29.11,0.8,353,2,3.4,0.98,1.42,11.6
ORD-10083,Apparel,Standard,42.52,0.3,201,3,5.6,1.39,0.91,12.0
ORD-10084,Toys & Games,Standard,85.55,1.0,290,4,8.5,1.05,1.5,19.9
ORD-10085,Health & Beauty,Express,24.18,1.0,566,5,5.0,0.71,0.99,11.6
ORD-10086,Electronics,Standard,309.09,4.7,468,6,14.3,1.12,1.58,35.0
ORD-10087,Sports & Outdoors,Standard,139.72,4.2,557,1,5.1,0.78,1.07,16.7
ORD-10088,Home & Kitchen,Express,349.79,7.9,159,2,2.5,1.19,1.66,7.7
ORD-10089,Office Supplies,Standard,75.1,3.3,735,3,10.9,0.85,1.15,28.9
ORD-10090,Books,Same Day,51.47,1.2,39,4,1.9,1.26,1.74,4.8
ORD-10091,Apparel,Economy,206.76,0.3,496,5,10.3,0.92,1.23,32.8
ORD-10092,Toys & Games,Standard,51.39,2.2,1002,6,7.5,1.33,1.82,68.1
ORD-10093,Health & Beauty,Express,82.22,1.2,514,1,3.8,0.99,1.31,14.9
ORD-10094,Electronics,Economy,335.65,6.3,805,2,21.4,1.4,1.9,107.1
ORD-10095,Sports & Outdoors,Standard,83.24,9.4,219,3,4.1,1.06,1.39,12.2
ORD-10096,Home & Kitchen,Express,197.67,4.3,107,4,5.4,0.72,0.88,6.5
ORD-10097,Office Supplies,Economy,52.42,3.3,1114,5,16.4,1.13,1.47,90.4
ORD-10098,Books,Standard,73.83,1.6,486,6,12.8,0.79,0.96,22.0
ORD-10099,Apparel,Express,190.0,0.3,320,1,2.9,1.2,1.55,12.8
ORD-10100,Toys & Games,Standard,127.23,3.4,664,2,6.5,0.86,1.04,21.3
ORD-10101,Health & Beauty,Standard,45.26,1.4,753,3,9.4,1.27,1.63,48.4
ORD-10102,Electronics,Express,361.21,1.9,533,4,4.5,0.93,1.12,13.8
ORD-10103,Sports & Outdoors,Standard,267.76,5.6,931,5,15.2,1.34,1.71,68.5
ORD-10104,Home & Kitchen,Standard,45.55,11.7,1020,6,6.0,1.0,1.2,36.6
ORD-10105,Office Supplies,Express,29.74,3.3,126,1,2.0,1.41,1.79,7.3
ORD-10106,Books,Standard,30.19,2.0,148,2,11.8,1.07,1.28,16.9
ORD-10107,Apparel,Standard,174.24,0.3,237,3,14.7,0.73,1.87,22.8
ORD-10108,Toys & Games,Express,93.07,1.1,339,4,3.6,1.14,1.36,12.4
ORD-10109,Health & Beauty,Standard,103.3,1.6,415,5,8.4,0.8,0.85,15.5
ORD-10110,Electronics,Same Day,387.77,3.5,11,6,2.3,1.21,1.44,2.9
ORD-10111,Sports & Outdoors,Economy,211.28,1.8,1256,1,19.9,0.87,0.93,60.5
ORD-10112,Home & Kitchen,Standard,213.43,8.1,682,2,5.0,1.28,1.52,38.2
ORD-10113,Office Supplies,Express,91.06,3.3,74,3,4.9,0.94,1.01,6.1
ORD-10114,Books,Economy,52.55,2.4,265,4,14.9,1.35,1.6,37.8
ORD-10115,Apparel,Standard,158.48,0.3,949,5,13.7,1.01,1.09,39.8
ORD-10116,Toys & Games,Express,59.91,2.3,287,6,2.4,1.42,1.68,13.8
ORD-10117,Health & Beauty,Economy,66.34,1.8,574,1,9.9,1.08,1.17,38.9
ORD-10118,Electronics,Standard,413.33,5.1,166,2,10.3,0.74,1.76,15.7
ORD-10119,Sports & Outdoors,Express,155.8,7.0,500,3,4.0,1.15,1.25,16.0
ORD-10120,Home & Kitchen,Standard,61.31,4.5,344,4,4.0,0.81,1.84,16.8
ORD-10121,Office Supplies,Standard,68.38,3.3,433,5,6.9,1.22,1.33,24.5
ORD-10122,Books,Express,74.91,2.8,93,6,1.5,0.88,1.92,4.1
ORD-10123,Apparel,Standard,142.72,0.3,611,1,12.7,1.29,1.41,40.5
ORD-10124,Toys & Games,Standard,25.75,3.5,700,2,15.6,0.95,0.9,30.6
ORD-10125,Health & Beauty,Express,29.38,0.2,306,3,3.1,1.36,1.49,13.4
ORD-10126,Electronics,Standard,439.89,6.7,878,4,9.3,1.02,0.98,31.2
ORD-10127,Sports & Outdoors,Standard,99.32,3.2,967,5,12.2,1.43,1.57,66.5
ORD-10128,Home & Kitchen,Express,229.19,11.9,519,6,4.7,1.09,1.06,14.7
ORD-10129,Office Supplies,Standard,45.7,3.3,95,1,5.9,0.75,1.65,8.8
ORD-10130,Books,Same Day,31.27,0.7,31,2,0.9,1.16,1.14,2.3
ORD-10131,Apparel,Economy,126.96,0.3,716,3,13.4,0.82,1.73,54.0
ORD-10132,Toys & Games,Standard,101.59,1.2,362,4,14.6,1.23,1.22,28.2
ORD-10133,Health & Beauty,Express,87.42,0.4,254,5,1.9,0.89,1.81,8.7
ORD-10134,Electronics,Economy,465.45,2.3,1025,6,8.4,1.3,1.3,77.7
ORD-10135,Sports & Outdoors,Standard,43.84,8.4,629,1,11.2,0.96,1.89,39.7
ORD-10136,Home & Kitchen,Express,77.07,8.3,467,2,3.5,1.37,1.38,18.2
ORD-10137,Office Supplies,Economy,22.02,3.3,1334,3,19.5,1.03,0.87,67.3
ORD-10138,Books,Standard,53.63,1.1,896,4,7.8,1.44,1.46,54.9
ORD-10139,Apparel,Express,110.2,0.3,60,5,5.1,1.1,0.95,6.1
ORD-10140,Toys & Games,Standard,67.43,2.4,1074,6,13.6,0.76,1.54,45.0
ORD-10141,Health & Beauty,Standard,50.46,0.6,113,1,4.4,1.17,1.03,7.8
ORD-10142,Electronics,Express,491.01,3.9,273,2,2.6,0.83,1.62,8.7
ORD-10143,Sports & Outdoors,Standard,227.36,4.6,291,3,10.2,1.24,1.11,20.2
ORD-10144,Home & Kitchen,Standard,245.95,4.7,380,4,13.1,0.9,1.7,27.6
ORD-10145,Office Supplies,Express,84.34,3.3,486,5,4.2,1.31,1.19,16.8
ORD-10146,Books,Standard,75.99,1.5,558,6,6.8,0.97,1.78,30.9
ORD-10147,Apparel,Standard,94.44,0.3,647,1,9.7,1.38,1.27,38.0
ORD-10148,Toys & Games,Express,33.27,3.6,79,2,1.7,1.04,1.86,4.2
ORD-10149,Health & Beauty,Standard,108.5,0.8,825,3,15.5,0.7,1.35,35.0
ORD-10150,Electronics,Same Day,517.57,5.5,51,4,1.3,1.11,1.94,5.0
ORD-10151,Sports & Outdoors,Economy,171.88,9.8,176,5,23.0,0.77,1.43,30.8
ORD-10152,Home & Kitchen,Standard,93.83,12.1,1092,6,12.1,1.18,0.92,41.7
ORD-10153,Office Supplies,Express,61.66,3.3,434,1,3.0,0.84,1.51,12.2
ORD-10154,Books,Economy,32.35,1.9,485,2,18.0,1.25,1.0,42.3
ORD-10155,Apparel,Standard,78.68,0.3,309,3,8.7,0.91,1.59,19.9
ORD-10156,Toys & Games,Express,109.11,1.3,647,4,4.6,1.32,1.08,20.0
ORD-10157,Health & Beauty,Economy,71.54,1.0,794,5,13.0,0.98,1.67,65.0
ORD-10158,Electronics,Standard,543.13,1.1,576,6,5.3,1.39,1.16,28.5
ORD-10159,Sports & Outdoors,Express,115.4,6.0,240,1,2.1,1.05,1.75,9.5
ORD-10160,Home & Kitchen,Standard,261.71,8.5,754,2,11.1,0.71,1.24,27.7
ORD-10161,Office Supplies,Standard,38.98,3.3,843,3,14.0,1.12,1.83,57.2
ORD-10162,Books,Express,54.71,2.3,453,4,3.7,0.78,1.32,11.5
ORD-10163,Apparel,Standard,62.92,0.3,1021,5,7.7,1.19,1.91,65.7
ORD-10164,Toys & Games,Standard,75.95,2.5,1110,6,10.6,0.85,1.4,43.6
ORD-10165,Health & Beauty,Express,34.58,1.2,46,1,5.3,1.26,0.89,6.2
ORD-10166,Electronics,Standard,569.69,2.7,238,2,4.3,0.92,1.48,12.4
ORD-10167,Sports & Outdoors,Standard,59.92,2.2,327,3,7.2,1.33,0.97,17.7
ORD-10168,Home & Kitchen,Express,109.59,4.9,259,4,2.8,0.99,1.56,9.5
ORD-10169,Office Supplies,Standard,15.3,3.3,505,5,13.0,1.4,1.05,31.6
ORD-10170,Books,Same Day,76.07,2.7,23,6,1.7,1.06,1.64,3.0
ORD-10171,Apparel,Economy,46.16,0.3,936,1,16.5,0.72,1.13,47.0
ORD-10172,Toys & Games,Standard,41.79,3.7,772,2,9.6,1.13,1.72,47.1
ORD-10173,Health & Beauty,Express,92.62,1.4,614,3,4.1,0.79,1.21,13.9
ORD-10174,Electronics,Economy,595.25,4.3,1245,4,11.5,1.2,1.8,119.1
ORD-10175,Sports & Outdoors,Standard,243.44,7.4,1039,5,6.2,0.86,1.29,35.0
ORD-10176,Home & Kitchen,Express,277.47,1.3,207,6,1.6,1.27,1.88,9.8
ORD-10177,Office Supplies,Economy,77.62,3.3,254,1,22.6,0.93,1.37,35.5
ORD-10178,Books,Standard,33.43,0.6,256,2,14.9,1.34,0.86,22.3
ORD-10179,Apparel,Express,30.4,0.3,420,3,3.2,1.0,1.45,13.4
ORD-10180,Toys & Games,Standard,117.63,1.4,434,4,8.6,1.41,0.94,23.0
ORD-10181,Health & Beauty,Standard,55.66,1.6,523,5,11.5,1.07,1.53,32.9
ORD-10182,Electronics,Express,621.81,5.9,633,6,4.8,0.73,1.02,12.7
ORD-10183,Sports & Outdoors,Standard,187.96,3.6,701,1,5.2,1.14,1.61,37.4
ORD-10184,Home & Kitchen,Standard,125.35,8.7,790,2,8.1,0.8,1.1,25.5
ORD-10185,Office Supplies,Express,54.94,3.3,226,3,2.3,1.21,1.69,10.0
ORD-10186,Books,Standard,55.79,1.0,968,4,13.9,0.87,1.18,38.7
ORD-10187,Apparel,Standard,194.64,0.3,1057,5,4.7,1.28,1.77,64.6
ORD-10188,Toys & Games,Express,83.47,2.6,439,6,3.9,0.94,1.26,12.6
ORD-10189,Health & Beauty,Standard,18.7,1.8,185,1,10.5,1.35,1.85,22.1
ORD-10190,Electronics,Same Day,647.37,1.5,43,2,2.1,1.01,1.34,4.0
ORD-10191,Sports & Outdoors,Economy,131.48,8.8,396,3,10.0,1.42,1.93,53.4
ORD-10192,Home & Kitchen,Standard,293.23,5.1,452,4,7.1,1.08,1.42,24.4
ORD-10193,Office Supplies,Express,31.26,3.3,174,5,5.2,0.74,0.91,7.2
ORD-10194,Books,Economy,12.15,1.4,705,6,21.1,1.15,1.5,69.7
ORD-10195,Apparel,Standard,178.88,0.3,719,1,15.8,0.81,0.99,30.2
ORD-10196,Toys & Games,Express,49.31,3.8,387,2,2.7,1.22,1.58,15.1
ORD-10197,Health & Beauty,Economy,76.74,0.2,1014,3,16.1,0.88,1.07,54.3
ORD-10198,Electronics,Standard,673.93,3.1,986,4,12.4,1.29,1.66,65.2
ORD-10199,Sports & Outdoors,Express,75.0,5.0,600,5,4.3,0.95,1.15,15.2
ORD-10200,Home & Kitchen,Standard,141.11,1.5,114,6,6.1,1.36,1.74,12.8
ORD-10201,Office Supplies,Standard,93.58,3.3,203,1,9.0,1.02,1.23,15.4
ORD-10202,Books,Express,34.51,1.8,193,2,1.8,1.43,1.82,10.2
ORD-10203,Apparel,Standard,162.12,0.3,381,3,14.8,1.09,1.31,28.4
ORD-10204,Toys & Games,Standard,125.15,1.5,470,4,5.6,0.75,1.9,22.3
ORD-10205,Health & Beauty,Express,39.78,0.4,406,5,3.4,1.16,1.39,14.3
ORD-10206,Electronics,Standard,699.49,4.7,648,6,11.4,0.82,0.88,23.1
ORD-10207,Sports & Outdoors,Standard,259.52,1.2,737,1,14.3,1.23,1.47,47.6
ORD-10208,Home & Kitchen,Express,309.99,8.9,619,2,5.0,0.89,0.96,13.8
ORD-10209,Office Supplies,Standard,70.9,3.3,915,3,8.0,1.3,1.55,54.1
ORD-10210,Books,Same Day,56.87,2.2,15,4,2.5,0.96,1.04,3.0
ORD-10211,Apparel,Economy,146.36,0.3,1156,5,19.6,1.37,1.63,122.9
ORD-10212,Toys & Games,Standard,91.99,2.7,132,6,4.6,1.03,1.12,8.4
ORD-10213,Health & Beauty,Express,97.82,0.6,354,1,2.2,1.44,1.71,16.7
ORD-10214,Electronics,Economy,725.05,6.3,165,2,14.6,1.1,1.2,23.3
ORD-10215,Sports & Outdoors,Standard,203.04,6.4,399,3,13.3,0.76,1.79,26.9
ORD-10216,Home & Kitchen,Express,157.87,5.3,567,4,3.8,1.17,1.28,18.0
ORD-10217,Office Supplies,Economy,47.22,3.3,474,5,9.6,0.83,1.87,39.0
ORD-10218,Books,Standard,13.23,2.6,666,6,9.9,1.24,1.36,38.0
ORD-10219,Apparel,Express,130.6,0.3,160,1,5.4,0.9,0.85,7.4
ORD-10220,Toys & Games,Standard,57.83,3.9,844,2,15.7,1.31,1.44,55.5
ORD-10221,Health & Beauty,Standard,60.86,0.8,933,3,6.5,0.97,0.93,27.5
ORD-10222,Electronics,Express,751.61,1.9,373,4,2.9,1.38,1.52,15.9
ORD-10223,Sports & Outdoors,Standard,147.56,2.6,1111,5,12.3,1.04,1.01,41.5
ORD-10224,Home & Kitchen,Standard,325.75,1.7,150,6,15.2,0.7,1.6,19.4
ORD-10225,Office Supplies,Express,24.54,3.3,586,1,4.5,1.11,1.09,16.3
ORD-10226,Books,Standard,35.59,0.5,328,2,8.9,0.77,1.68,19.5
ORD-10227,Apparel,Standard,114.84,0.3,417,3,11.8,1.18,1.17,26.2
ORD-10228,Toys & Games,Express,23.67,1.6,179,4,2.0,0.84,1.76,6.4
ORD-10229,Health & Beauty,Standard,23.9,1.0,595,5,5.5,1.25,1.25,28.7
ORD-10230,Electronics,Same Day,777.17,3.5,35,6,1.1,0.91,1.84,3.1
ORD-10231,Sports & Outdoors,Economy,91.08,7.8,616,1,13.1,1.32,1.33,56.4
ORD-10232,Home & Kitchen,Standard,173.63,9.1,862,2,14.2,0.98,1.92,54.7
ORD-10233,Office Supplies,Express,86.86,3.3,534,3,3.3,1.39,1.41,20.7
ORD-10234,Books,Economy,57.95,0.9,925,4,8.1,1.05,0.9,43.1
ORD-10235,Apparel,Standard,98.08,0.3,79,5,10.8,0.71,1.49,12.9
ORD-10236,Toys & Games,Express,99.51,2.8,127,6,4.9,1.12,0.98,7.2
ORD-10237,Health & Beauty,Economy,81.94,1.2,1234,1,19.2,0.78,1.57,79.6
ORD-10238,Electronics,Standard,803.73,5.1,346,2,7.4,1.19,1.06,18.3
ORD-10239,Sports & Outdoors,Express,35.6,4.0,340,3,2.4,0.85,1.65,10.3
ORD-10240,Home & Kitchen,Standard,341.51,5.5,524,4,13.2,1.26,1.14,32.0
ORD-10241,Office Supplies,Standard,63.18,3.3,613,5,4.0,0.92,1.73,28.4
ORD-10242,Books,Express,14.31,1.3,553,6,4.0,1.33,1.22,19.0
ORD-10243,Apparel,Standard,82.32,0.3,791,1,9.8,0.99,1.81,45.2
ORD-10244,Toys & Games,Standard,65.35,0.5,880,2,12.7,1.4,1.3,52.7
ORD-10245,Health & Beauty,Express,44.98,1.4,146,3,1.5,1.06,1.89,6.4
ORD-10246,Electronics,Standard,829.29,6.7,1058,4,6.4,0.72,1.38,32.7
ORD-10247,Sports & Outdoors,Standard,219.12,9.2,97,5,9.3,1.13,0.87,11.7
ORD-10248,Home & Kitchen,Express,189.39,1.9,359,6,3.1,0.79,1.46,10.0
ORD-10249,Office Supplies,Standard,40.5,3.3,275,1,15.1,1.2,0.95,22.9
ORD-10250,Books,Same Day,36.67,1.7,55,2,1.5,0.86,1.54,3.9
ORD-10251,Apparel,Economy,66.56,0.3,1376,3,22.7,1.27,1.03,94.7
ORD-10252,Toys & Games,Standard,31.19,1.7,542,4,11.7,0.93,1.62,32.1
ORD-10253,Health & Beauty,Express,102.02,1.6,94,5,4.4,1.34,1.11,6.7
ORD-10254,Electronics,Economy,855.85,2.3,385,6,17.7,1.0,1.7,43.9
ORD-10255,Sports & Outdoors,Standard,163.64,5.4,809,1,8.3,1.41,1.19,42.2
ORD-10256,Home & Kitchen,Express,357.27,9.3,307,2,1.9,1.07,1.78,11.6
ORD-10257,Office Supplies,Economy,17.82,3.3,694,3,12.7,0.73,1.27,38.4
ORD-10258,Books,Standard,58.03,2.1,1076,4,4.9,1.14,1.86,61.9
ORD-10259,Apparel,Express,50.8,0.3,520,5,3.5,0.8,1.35,12.9
ORD-10260,Toys & Games,Standard,107.03,2.9,204,6,10.7,1.21,1.94,22.7
ORD-10261,Health & Beauty,Standard,65.06,1.8,293,1,13.6,0.87,1.43,22.7
ORD-10262,Electronics,Express,131.41,3.9,113,2,5.1,1.28,0.92,7.3
ORD-10263,Sports & Outdoors,Standard,107.16,1.6,471,3,7.3,0.94,1.51,24.0
ORD-10264,Home & Kitchen,Standard,205.15,5.7,560,4,10.2,1.35,1.0,29.1
ORD-10265,Office Supplies,Express,79.14,3.3,326,5,2.6,1.01,1.59,11.3
ORD-10266,Books,Standard,15.39,2.5,738,6,16.0,1.42,1.08,44.3
ORD-10267,Apparel,Standard,34.04,0.3,827,1,6.8,1.08,1.67,44.1
ORD-10268,Toys & Games,Express,73.87,0.6,539,2,4.2,0.74,1.16,11.9
ORD-10269,Health & Beauty,Standard,28.1,0.2,1005,3,12.6,1.15,1.75,63.2
ORD-10270,Electronics,Same Day,157.97,5.5,27,4,1.9,0.81,1.24,2.8
ORD-10271,Sports & Outdoors,Economy,51.68,6.8,836,5,16.2,1.22,1.83,90.9
ORD-10272,Home & Kitchen,Standard,53.03,2.1,222,6,9.2,0.88,1.32,15.6
ORD-10273,Office Supplies,Express,56.46,3.3,274,1,5.5,1.29,1.91,16.8
ORD-10274,Books,Economy,37.75,0.4,1145,2,11.2,0.95,1.4,72.1
ORD-10275,Apparel,Standard,198.28,0.3,489,3,5.8,1.36,0.89,20.6
ORD-10276,Toys & Games,Express,39.71,1.8,487,4,3.0,1.02,1.48,15.3
ORD-10277,Health & Beauty,Economy,86.14,0.4,154,5,22.3,1.43,0.97,30.8
ORD-10278,Electronics,Standard,183.53,1.1,756,6,14.5,1.09,1.56,46.6
ORD-10279,Sports & Outdoors,Express,235.2,3.0,80,1,4.6,0.75,1.05,5.7
ORD-10280,Home & Kitchen,Standard,221.91,9.5,934,2,8.2,1.16,1.64,52.6
ORD-10281,Office Supplies,Standard,33.78,3.3,1023,3,11.1,0.82,1.13,34.8
ORD-10282,Books,Express,59.11,0.8,293,4,2.1,1.23,1.72,12.4
ORD-10283,Apparel,Standard,182.52,0.3,151,5,4.8,0.89,1.21,8.9
ORD-10284,Toys & Games,Standard,115.55,3.0,240,6,7.7,1.3,1.8,21.7
ORD-10285,Health & Beauty,Express,49.18,0.6,506,1,3.7,0.96,1.29,14.1
ORD-10286,Electronics,Standard,209.09,2.7,418,2,13.5,1.37,1.88,40.4
ORD-10287,Sports & Outdoors,Standard,179.72,8.2,507,3,4.3,1.03,1.37,22.2
ORD-10288,Home & Kitchen,Express,69.79,5.9,99,4,5.3,1.44,0.86,7.3
ORD-10289,Office Supplies,Standard,95.1,3.3,685,5,10.1,1.1,1.45,37.4
ORD-10290,Books,Same Day,16.47,1.2,47,6,2.3,0.76,0.94,3.4
ORD-10291,Apparel,Economy,166.76,0.3,296,1,9.7,1.17,1.53,30.9
ORD-10292,Toys & Games,Standard,81.39,0.7,952,2,6.7,0.83,1.02,26.8
ORD-10293,Health & Beauty,Express,107.22,0.8,454,3,2.5,1.24,1.61,17.6
ORD-10294,Electronics,Economy,235.65,4.3,605,4,20.8,0.9,1.1,44.8
ORD-10295,Sports & Outdoors,Standard,123.24,4.4,169,5,15.4,1.31,1.69,24.8
ORD-10296,Home & Kitchen,Express,237.67,2.3,47,6,4.1,0.97,1.18,5.0
ORD-10297,Office Supplies,Economy,72.42,3.3,914,1,15.8,1.38,1.77,105.1
ORD-10298,Books,Standard,38.83,1.6,436,2,12.0,1.04,1.26,26.3
ORD-10299,Apparel,Express,150.0,0.3,260,3,1.6,0.7,1.85,7.2
ORD-10300,Toys & Games,Standard,47.23,1.9,614,4,5.7,1.11,1.34,28.5
ORD-10301,Health & Beauty,Standard,70.26,1.0,703,5,8.6,0.77,1.93,34.7
ORD-10302,Electronics,Express,261.21,5.9,473,6,3.2,1.18,1.42,16.4
ORD-10303,Sports & Outdoors,Standard,67.76,9.6,881,1,14.4,0.84,0.91,31.2
ORD-10304,Home & Kitchen,Standard,85.55,9.7,970,2,5.2,1.25,1.5,50.7
ORD-10305,Office Supplies,Express,49.74,3.3,66,3,4.8,0.91,0.99,5.8
ORD-10306,Books,Standard,60.19,2.0,98,4,11.0,1.32,1.58,16.1
ORD-10307,Apparel,Standard,134.24,0.3,187,5,13.9,0.98,1.07,18.8
ORD-10308,Toys & Games,Express,123.07,3.1,279,6,2.3,1.39,1.66,13.0
ORD-10309,Health & Beauty,Standard,33.3,1.2,365,1,7.6,1.05,1.15,18.6
ORD-10310,Electronics,Same Day,287.77,1.5,19,2,0.9,0.71,1.74,1.7
ORD-10311,Sports & Outdoors,Economy,251.28,5.8,1056,3,19.3,1.12,1.23,77.5
ORD-10312,Home & Kitchen,Standard,253.43,6.1,632,4,4.2,0.78,1.82,26.6
ORD-10313,Office Supplies,Express,26.06,3.3,634,5,3.6,1.19,1.31,20.1
ORD-10314,Books,Economy,17.55,2.4,1365,6,14.3,0.85,1.9,102.5
ORD-10315,Apparel,Standard,118.48,0.3,899,1,12.9,1.26,1.39,52.3
ORD-10316,Toys & Games,Express,89.91,0.8,227,2,5.2,0.92,0.88,8.3
ORD-10317,Health & Beauty,Economy,91.34,1.4,374,3,9.3,1.33,1.47,38.5
ORD-10318,Electronics,Standard,313.33,3.1,116,4,9.5,0.99,0.96,12.3
ORD-10319,Sports & Outdoors,Express,195.8,2.0,440,5,2.7,1.4,1.55,18.6
ORD-10320,Home & Kitchen,Standard,101.31,2.5,294,6,15.3,1.06,1.04,23.4
ORD-10321,Office Supplies,Standard,88.38,3.3,383,1,6.1,0.72,1.63,17.3
ORD-10322,Books,Express,39.91,2.8,653,2,4.3,1.13,1.12,18.1
ORD-10323,Apparel,Standard,102.72,0.3,561,3,11.9,0.79,1.71,30.8
ORD-10324,Toys & Games,Standard,55.75,2.0,650,4,14.8,1.2,1.2,38.2
ORD-10325,Health & Beauty,Express,54.38,1.6,246,5,1.8,0.86,1.79,8.1
ORD-10326,Electronics,Standard,339.89,4.7,828,6,8.5,1.27,1.28,42.1
ORD-10327,Sports & Outdoors,Standard,139.32,7.2,917,1,11.4,0.93,1.87,51.3
ORD-10328,Home & Kitchen,Express,269.19,9.9,459,2,3.4,1.34,1.36,17.3
ORD-10329,Office Supplies,Standard,65.7,3.3,1095,3,5.1,1.0,0.85,28.4
ORD-10330,Books,Same Day,61.27,0.7,39,4,1.3,1.41,1.44,3.9
ORD-10331,Apparel,Economy,86.96,0.3,516,5,12.8,1.07,0.93,33.3
ORD-10332,Toys & Games,Standard,21.59,3.2,312,6,13.8,0.73,1.52,22.5
ORD-10333,Health & Beauty,Express,112.42,1.8,194,1,4.7,1.14,1.01,8.4
ORD-10334,Electronics,Economy,365.45,6.3,825,2,23.9,0.8,1.6,66.1
ORD-10335,Sports & Outdoors,Standard,83.84,3.4,579,3,10.4,1.21,1.09,29.5
ORD-10336,Home & Kitchen,Express,117.07,6.3,407,4,2.2,0.87,1.68,12.1
ORD-10337,Office Supplies,Economy,42.02,3.3,1134,5,18.9,1.28,1.17,86.8
ORD-10338,Books,Standard,18.63,1.1,846,6,7.0,0.94,1.76,42.0
ORD-10339,Apparel,Express,70.2,0.3,620,1,3.8,1.35,1.25,21.2
ORD-10340,Toys & Games,Standard,97.43,0.9,1024,2,12.8,1.01,1.84,60.4
ORD-10341,Health & Beauty,Standard,75.46,0.2,1113,3,15.7,1.42,1.33,68.3
ORD-10342,Electronics,Express,391.01,1.9,213,4,5.4,1.08,1.92,12.8
ORD-10343,Sports & Outdoors,Standard,267.36,8.6,241,5,9.4,0.74,1.41,15.7
ORD-10344,Home & Kitchen,Standard,285.95,2.7,330,6,12.3,1.15,0.9,20.8
ORD-10345,Office Supplies,Express,19.34,3.3,426,1,2.9,0.81,1.49,11.5
ORD-10346,Books,Standard,40.99,1.5,508,2,6.0,1.22,0.98,21.2
ORD-10347,Apparel,Standard,54.44,0.3,597,3,8.9,0.88,1.57,29.5
ORD-10348,Toys & Games,Express,63.27,2.1,639,4,4.5,1.29,1.06,19.1
ORD-10349,Health & Beauty,Standard,38.5,0.4,775,5,14.7,0.95,1.65,45.1
ORD-10350,Electronics,Same Day,417.57,3.5,11,6,1.7,1.36,1.14,2.3
ORD-10351,Sports & Outdoors,Economy,211.88,4.8,1276,1,22.4,1.02,1.73,112.5
ORD-10352,Home & Kitchen,Standard,133.83,10.1,1042,2,11.3,1.43,1.22,56.7
ORD-10353,Office Supplies,Express,81.66,3.3,374,3,1.7,1.09,1.81,14.0
ORD-10354,Books,Economy,62.35,1.9,285,4,17.4,0.75,1.3,28.5
ORD-10355,Apparel,Standard,38.68,0.3,259,5,7.9,1.16,1.89,22.1
ORD-10356,Toys & Games,Express,29.11,3.3,587,6,3.3,0.82,1.38,14.4
ORD-10357,Health & Beauty,Economy,96.54,0.6,594,1,12.4,1.23,0.87,37.8
ORD-10358,Electronics,Standard,443.13,5.1,526,2,4.5,0.89,1.46,21.6
ORD-10359,Sports & Outdoors,Express,155.4,1.0,180,3,4.9,1.3,0.95,8.6
ORD-10360,Home & Kitchen,Standard,301.71,6.5,704,4,10.3,0.96,1.54,36.3
ORD-10361,Office Supplies,Standard,58.98,3.3,793,5,13.2,1.37,1.03,41.2
ORD-10362,Books,Express,19.71,2.3,393,6,2.4,1.03,1.62,13.3
ORD-10363,Apparel,Standard,202.92,0.3,971,1,6.9,1.44,1.11,45.7
ORD-10364,Toys & Games,Standard,105.95,1.0,1060,2,9.8,1.1,1.7,59.4
ORD-10365,Health & Beauty,Express,59.58,0.8,606,3,4.0,0.76,1.19,13.1
ORD-10366,Electronics,Standard,469.69,6.7,188,4,15.6,1.17,1.78,25.4
ORD-10367,Sports & Outdoors,Standard,99.92,6.2,277,5,6.4,0.83,1.27,13.7
ORD-10368,Home & Kitchen,Express,149.59,2.9,199,6,1.5,1.24,1.86,9.1
ORD-10369,Office Supplies,Standard,35.3,3.3,455,1,12.2,0.9,1.35,26.0
ORD-10370,Books,Same Day,41.07,2.7,31,2,2.1,1.31,1.94,4.7
ORD-10371,Apparel,Economy,186.16,0.3,736,3,15.9,0.97,1.43,56.7
ORD-10372,Toys & Games,Standard,71.79,2.2,722,4,8.8,1.38,0.92,31.7
ORD-10373,Health & Beauty,Express,22.62,1.0,554,5,2.8,1.04,1.51,17.3
ORD-10374,Electronics,Economy,495.25,2.3,1045,6,10.9,0.7,1.0,40.2
ORD-10375,Sports & Outdoors,Standard,43.44,2.4,989,1,5.4,1.11,1.59,49.0
ORD-10376,Home & Kitchen,Express,317.47,10.3,147,2,4.4,0.77,1.08,6.4
ORD-10377,Office Supplies,Economy,97.62,3.3,1354,3,22.0,1.18,1.67,128.7
ORD-10378,Books,Standard,63.43,0.6,206,4,14.1,0.84,1.16,19.1
ORD-10379,Apparel,Express,170.4,0.3,360,5,1.9,1.25,1.75,15.0
ORD-10380,Toys & Games,Standard,37.63,3.4,384,6,7.8,0.91,1.24,18.6
ORD-10381,Health & Beauty,Standard,80.66,1.2,473,1,10.7,1.32,1.83,39.3
ORD-10382,Electronics,Express,521.81,3.9,573,2,3.5,0.98,1.32,15.9
ORD-10383,Sports & Outdoors,Standard,227.96,7.6,651,3,4.4,1.39,1.91,47.6
ORD-10384,Home & Kitchen,Standard,165.35,6.7,740,4,7.3,1.05,1.4,34.5
ORD-10385,Office Supplies,Express,74.94,3.3,166,5,5.1,0.71,0.89,6.8
ORD-10386,Books,Standard,20.79,1.0,918,6,13.1,1.12,1.48,51.1
ORD-10387,Apparel,Standard,154.64,0.3,1007,1,16.0,0.78,0.97,35.0
ORD-10388,Toys & Games,Express,113.47,1.1,379,2,2.6,1.19,1.56,14.3
ORD-10389,Health & Beauty,Standard,43.7,1.4,135,3,9.7,0.85,1.05,12.7
ORD-10390,Electronics,Same Day,547.37,5.5,51,4,2.5,1.26,1.64,6.0
ORD-10391,Sports & Outdoors,Economy,171.48,3.8,196,5,9.4,0.92,1.13,17.6
ORD-10392,Home & Kitchen,Standard,333.23,3.1,402,6,6.3,1.33,1.72,29.3
ORD-10393,Office Supplies,Express,51.26,3.3,114,1,3.9,0.99,1.21,6.2
ORD-10394,Books,Economy,42.15,1.4,505,2,20.5,1.4,1.8,71.4
ORD-10395,Apparel,Standard,138.88,0.3,669,3,15.0,1.06,1.29,37.9
ORD-10396,Toys & Games,Express,79.31,2.3,327,4,5.5,0.72,1.88,12.9
ORD-10397,Health & Beauty,Economy,101.74,1.6,814,5,15.5,1.13,1.37,65.9
ORD-10398,Electronics,Standard,573.93,1.1,936,6,11.6,0.79,0.86,27.5
ORD-10399,Sports & Outdoors,Express,115.0,9.0,540,1,3.0,1.2,1.45,18.7
ORD-10400,Home & Kitchen,Standard,181.11,10.5,1114,2,5.3,0.86,0.94,27.8
ORD-10401,Office Supplies,Standard,28.58,3.3,153,3,8.2,1.27,1.53,15.6
ORD-10402,Books,Express,64.51,1.8,133,4,4.6,0.93,1.02,6.7
ORD-10403,Apparel,Standard,122.12,0.3,331,5,14.0,1.34,1.61,31.9
ORD-10404,Toys & Games,Standard,45.15,3.5,420,6,4.8,1.0,1.1,16.4
ORD-10405,Health & Beauty,Express,64.78,1.8,346,1,2.1,1.41,1.69,15.8
ORD-10406,Electronics,Standard,599.49,2.7,598,2,10.6,1.07,1.18,29.5
ORD-10407,Sports & Outdoors,Standard,59.52,5.2,687,3,13.5,0.73,1.77,35.7
ORD-10408,Home & Kitchen,Express,349.99,6.9,559,4,3.7,1.14,1.26,17.1
ORD-10409,Office Supplies,Standard,90.9,3.3,865,5,7.2,0.8,1.85,39.2
ORD-10410,Books,Same Day,21.87,2.2,23,6,1.1,1.21,1.34,2.3
ORD-10411,Apparel,Economy,106.36,0.3,956,1,19.0,0.87,1.93,83.2
ORD-10412,Toys & Games,Standard,121.99,1.2,82,2,15.9,1.28,1.42,19.6
ORD-10413,Health & Beauty,Express,27.82,0.2,294,3,5.0,0.94,0.91,9.2
ORD-10414,Electronics,Economy,625.05,4.3,1265,4,14.0,1.35,1.5,116.5
ORD-10415,Sports & Outdoors,Standard,243.04,1.4,349,5,12.5,1.01,0.99,21.2
ORD-10416,Home & Kitchen,Express,197.87,3.3,507,6,2.5,1.42,1.58,21.5
ORD-10417,Office Supplies,Economy,67.22,3.3,274,1,9.0,1.08,1.07,21.7
ORD-10418,Books,Standard,43.23,2.6,616,2,9.1,0.74,1.66,28.0
ORD-10419,Apparel,Express,90.6,0.3,100,3,4.1,1.15,1.15,6.3
ORD-10420,Toys & Games,Standard,87.83,2.4,794,4,14.9,0.81,1.74,42.9
ORD-10421,Health & Beauty,Standard,85.86,0.4,883,5,5.7,1.22,1.23,38.8
ORD-10422,Electronics,Express,651.61,5.9,313,6,1.6,0.88,1.82,10.0
ORD-10423,Sports & Outdoors,Standard,187.56,6.6,1061,1,11.5,1.29,1.31,56.3
ORD-10424,Home & Kitchen,Standard,45.75,10.7,100,2,14.4,0.95,1.9,18.9
ORD-10425,Office Supplies,Express,44.54,3.3,526,3,3.2,1.36,1.39,19.8
ORD-10426,Books,Standard,65.59,0.5,278,4,8.1,1.02,0.88,14.3
ORD-10427,Apparel,Standard,74.84,0.3,367,5,11.0,1.43,1.47,30.3
ORD-10428,Toys & Games,Express,53.67,3.6,119,6,4.8,1.09,0.96,6.9
ORD-10429,Health & Beauty,Standard,48.9,0.6,545,1,4.7,0.75,1.55,20.5
ORD-10430,Electronics,Same Day,677.17,1.5,43,2,1.5,1.16,1.04,3.2
ORD-10431,Sports & Outdoors,Economy,131.08,2.8,416,3,12.5,0.82,1.63,34.7
ORD-10432,Home & Kitchen,Standard,213.63,7.1,812,4,13.4,1.23,1.12,41.4
ORD-10433,Office Supplies,Express,21.86,3.3,474,5,2.0,0.89,1.71,14.0
ORD-10434,Books,Economy,22.95,0.9,725,6,23.6,1.3,1.2,68.8
ORD-10435,Apparel,Standard,58.08,0.3,1079,1,10.0,0.96,1.79,56.4
ORD-10436,Toys & Games,Express,129.51,1.3,67,2,3.6,1.37,1.28,5.6
ORD-10437,Health & Beauty,Economy,106.94,0.8,1034,3,18.6,1.03,1.87,98.3
ORD-10438,Electronics,Standard,703.73,3.1,296,4,6.6,1.44,1.36,21.1
ORD-10439,Sports & Outdoors,Express,75.6,8.0,280,5,5.2,1.1,0.85,9.6
ORD-10440,Home & Kitchen,Standard,61.51,3.5,474,6,12.4,0.76,1.44,25.4
ORD-10441,Office Supplies,Standard,83.18,3.3,563,1,15.3,1.17,0.93,30.6
ORD-10442,Books,Express,44.31,1.3,493,2,2.7,0.83,1.52,13.1
ORD-10443,Apparel,Standard,42.32,0.3,741,3,9.0,1.24,1.01,32.2
ORD-10444,Toys & Games,Standard,95.35,2.5,830,4,11.9,0.9,1.6,41.8
ORD-10445,Health & Beauty,Express,69.98,1.0,86,5,4.3,1.31,1.09,6.3
ORD-10446,Electronics,Standard,729.29,4.7,1008,6,5.6,0.97,1.68,46.7
ORD-10447,Sports & Outdoors,Standard,259.12,4.2,1097,1,8.5,1.38,1.17,52.8
ORD-10448,Home & Kitchen,Express,229.39,10.9,299,2,1.8,1.04,1.76,10.9
ORD-10449,Office Supplies,Standard,60.5,3.3,225,3,14.3,0.7,1.25,19.2
ORD-10450,Books,Same Day,66.67,1.7,15,4,1.9,1.11,1.84,2.9
ORD-10451,Apparel,Economy,206.56,0.3,1176,5,22.1,0.77,1.33,70.3
ORD-10452,Toys & Games,Standard,61.19,3.7,492,6,10.9,1.18,1.92,38.8
ORD-10453,Health & Beauty,Express,32.02,1.2,654,1,3.1,0.84,1.41,16.0
ORD-10454,Electronics,Economy,755.85,6.3,185,2,17.1,1.25,0.9,25.4
ORD-10455,Sports & Outdoors,Standard,203.64,9.4,759,3,7.5,0.91,1.49,33.2
ORD-10456,Home & Kitchen,Express,77.27,7.3,247,4,4.7,1.32,0.98,10.0
ORD-10457,Office Supplies,Economy,37.82,3.3,494,5,12.1,0.98,1.57,42.5
ORD-10458,Books,Standard,23.03,2.1,1026,6,4.1,1.39,1.06,41.9
ORD-10459,Apparel,Express,190.8,0.3,460,1,2.2,1.05,1.65,15.5
ORD-10460,Toys & Games,Standard,27.03,1.4,154,2,9.9,0.71,1.14,13.0
ORD-10461,Health & Beauty,Standard,90.06,1.4,243,3,12.8,1.12,1.73,24.6
ORD-10462,Electronics,Express,781.41,1.9,53,4,3.8,0.78,1.22,4.6
ORD-10463,Sports & Outdoors,Standard,147.16,5.6,421,5,6.5,1.19,1.81,29.2
ORD-10464,Home & Kitchen,Standard,245.15,3.7,510,6,9.4,0.85,1.3,23.5
ORD-10465,Office Supplies,Express,99.14,3.3,266,1,5.4,1.26,1.89,16.0
ORD-10466,Books,Standard,45.39,2.5,688,2,15.2,0.92,1.38,37.0
ORD-10467,Apparel,Standard,174.04,0.3,777,3,6.0,1.33,0.87,28.5
ORD-10468,Toys & Games,Express,103.87,2.6,479,4,2.9,0.99,1.46,14.4
ORD-10469,Health & Beauty,Standard,53.1,1.6,955,5,11.8,1.4,0.95,43.6
ORD-10470,Electronics,Same Day,807.97,3.5,35,6,2.3,1.06,1.54,4.2
ORD-10471,Sports & Outdoors,Economy,91.68,1.8,636,1,15.6,0.72,1.03,34.5
ORD-10472,Home & Kitchen,Standard,93.03,11.1,172,2,8.4,1.13,1.62,16.3
ORD-10473,Office Supplies,Express,76.46,3.3,214,3,4.2,0.79,1.11,7.3
ORD-10474,Books,Economy,67.75,0.4,945,4,10.6,1.2,1.7,87.7
ORD-10475,Apparel,Standard,158.28,0.3,439,5,5.0,0.86,1.19,16.2
ORD-10476,Toys & Games,Express,69.71,3.8,427,6,1.7,1.27,1.78,17.8
ORD-10477,Health & Beauty,Economy,111.14,1.8,1254,1,21.7,0.93,1.27,80.9
ORD-10478,Electronics,Standard,833.53,5.1,706,2,13.7,1.34,1.86,57.7
ORD-10479,Sports & Outdoors,Express,35.2,7.0,640,3,3.3,1.0,1.35,17.7
ORD-10480,Home & Kitchen,Standard,261.91,7.5,884,4,7.4,1.41,1.94,67.9
ORD-10481,Office Supplies,Standard,53.78,3.3,973,5,10.3,1.07,1.43,47.5
ORD-10482,Books,Express,24.11,0.8,233,6,4.9,0.73,0.92,7.5
ORD-10483,Apparel,Standard,142.52,0.3,101,1,4.0,1.14,1.51,8.3
ORD-10484,Toys & Games,Standard,35.55,1.5,190,2,6.9,0.8,1.0,10.7
ORD-10485,Health & Beauty,Express,74.18,0.2,446,3,2.4,1.21,1.59,16.7
ORD-10486,Electronics,Standard,859.09,6.7,368,4,12.7,0.87,1.08,21.3
ORD-10487,Sports & Outdoors,Standard,219.72,3.2,457,5,15.6,1.28,1.67,40.0
ORD-10488,Home & Kitchen,Express,109.79,3.9,659,6,4.0,0.94,1.16,16.0
ORD-10489,Office Supplies,Standard,30.1,3.3,635,1,9.3,1.35,1.75,46.8
ORD-10490,Books,Same Day,46.47,1.2,55,2,0.9,1.01,1.24,3.2
ORD-10491,Apparel,Economy,126.76,0.3,1396,3,9.1,1.42,1.83,154.2
ORD-10492,Toys & Games,Standard,111.39,2.7,902,4,5.9,1.08,1.32,38.0
ORD-10493,Health & Beauty,Express,37.22,0.4,394,5,5.3,0.74,1.91,14.6
ORD-10494,Electronics,Economy,135.65,2.3,405,6,20.2,1.15,1.4,46.3
ORD-10495,Sports & Outdoors,Standard,163.24,8.4,119,1,14.6,0.81,0.89,16.7
ORD-10496,Home & Kitchen,Express,277.67,11.3,607,2,2.8,1.22,1.48,21.1
ORD-10497,Office Supplies,Economy,92.42,3.3,714,3,15.2,0.88,0.97,39.6
ORD-10498,Books,Standard,68.83,1.6,386,4,11.2,1.29,1.56,30.6
ORD-10499,Apparel,Express,110.0,0.3,200,5,4.4,0.95,1.05,7.7
ORD-10500,Toys & Games,Standard,77.23,3.9,564,6,4.9,1.36,1.64,36.3
ORD-10501,Health & Beauty,Standard,95.26,0.6,653,1,7.8,1.02,1.13,26.6
ORD-10502,Electronics,Express,161.21,3.9,413,2,1.9,1.43,1.72,18.8
ORD-10503,Sports & Outdoors,Standard,107.76,4.6,831,3,13.6,1.09,1.21,41.0
ORD-10504,Home & Kitchen,Standard,125.55,7.7,920,4,4.4,0.75,1.8,35.5
ORD-10505,Office Supplies,Express,69.74,3.3,626,5,3.5,1.16,1.29,19.1
ORD-10506,Books,Standard,25.19,2.0,1098,6,10.2,0.82,1.88,52.5
ORD-10507,Apparel,Standard,94.24,0.3,137,1,13.1,1.23,1.37,18.9
ORD-10508,Toys & Games,Express,43.07,1.6,219,2,5.1,0.89,0.86,7.9
ORD-10509,Health & Beauty,Standard,58.3,0.8,315,3,6.8,1.3,1.45,21.6
ORD-10510,Electronics,Same Day,187.77,5.5,27,4,1.3,0.96,0.94,2.1
ORD-10511,Sports & Outdoors,Economy,51.28,9.8,856,5,18.7,1.37,1.53,90.5
ORD-10512,Home & Kitchen,Standard,293.43,4.1,582,6,15.5,1.03,1.02,30.8
ORD-10513,Office Supplies,Express,46.06,3.3,574,1,2.3,1.44,1.61,24.5
ORD-10514,Books,Economy,47.55,2.4,1165,2,13.7,1.1,1.1,70.1
ORD-10515,Apparel,Standard,78.48,0.3,849,3,12.1,0.76,1.69,39.4
ORD-10516,Toys & Games,Express,119.91,2.8,167,4,3.9,1.17,1.18,7.7
ORD-10517,Health & Beauty,Economy,21.34,1.0,174,5,8.7,0.83,1.77,18.9
ORD-10518,Electronics,Standard,213.33,1.1,1116,6,8.7,1.24,1.26,52.3
ORD-10519,Sports & Outdoors,Express,235.8,6.0,380,1,5.5,0.9,1.85,16.0
ORD-10520,Home & Kitchen,Standard,141.31,11.5,244,2,14.5,1.31,1.34,25.2
ORD-10521,Office Supplies,Standard,23.38,3.3,333,3,5.3,0.97,1.93,20.9
ORD-10522,Books,Express,69.91,2.8,593,4,3.0,1.38,1.42,22.4
ORD-10523,Apparel,Standard,62.72,0.3,511,5,11.1,1.04,0.91,23.2
ORD-10524,Toys & Games,Standard,85.75,0.5,600,6,14.0,0.7,1.5,29.8
ORD-10525,Health & Beauty,Express,79.38,1.2,186,1,4.6,1.11,0.99,8.0
ORD-10526,Electronics,Standard,239.89,2.7,778,2,7.7,0.77,1.58,31.4
ORD-10527,Sports & Outdoors,Standard,179.32,2.2,867,3,10.6,1.18,1.07,38.0
ORD-10528,Home & Kitchen,Express,309.19,7.9,399,4,2.1,0.84,1.66,11.4
ORD-10529,Office Supplies,Standard,85.7,3.3,1045,5,4.3,1.25,1.15,41.9
ORD-10530,Books,Same Day,26.27,0.7,47,6,1.7,0.91,1.74,4.2
ORD-10531,Apparel,Economy,46.96,0.3,316,1,12.2,1.32,1.23,32.7
ORD-10532,Toys & Games,Standard,51.59,1.7,262,2,13.0,0.98,1.82,24.7
ORD-10533,Health & Beauty,Express,42.42,1.4,134,3,3.4,1.39,1.31,7.5
ORD-10534,Electronics,Economy,265.45,4.3,625,4,23.3,1.05,1.9,73.2
ORD-10535,Sports & Outdoors,Standard,123.84,7.4,529,5,9.6,0.71,1.39,22.7
ORD-10536,Home & Kitchen,Express,157.07,4.3,347,6,5.0,1.12,0.88,10.7
ORD-10537,Office Supplies,Economy,62.02,3.3,934,1,18.3,0.78,1.47,61.1
ORD-10538,Books,Standard,48.63,1.1,796,2,6.2,1.19,0.96,28.9
ORD-10539,Apparel,Express,30.2,0.3,560,3,2.5,0.85,1.55,14.8
ORD-10540,Toys & Games,Standard,127.43,2.9,974,4,12.0,1.26,1.04,43.9
ORD-10541,Health & Beauty,Standard,100.46,1.6,1063,5,14.9,0.92,1.63,54.8
ORD-10542,Electronics,Express,291.01,5.9,153,6,4.1,1.33,1.12,7.9
ORD-10543,Sports & Outdoors,Standard,67.36,3.6,191,1,8.6,0.99,1.71,16.7
ORD-10544,Home & Kitchen,Standard,325.95,11.7,280,2,11.5,1.4,1.2,23.3
ORD-10545,Office Supplies,Express,39.34,3.3,366,3,1.6,1.06,1.79,13.2
ORD-10546,Books,Standard,70.99,1.5,458,4,5.2,0.72,1.28,15.8
ORD-10547,Apparel,Standard,194.44,0.3,547,5,8.1,1.13,1.87,37.0
ORD-10548,Toys & Games,Express,93.27,0.6,579,6,3.2,0.79,1.36,13.6
ORD-10549,Health & Beauty,Standard,63.5,1.8,725,1,13.9,1.2,0.85,32.4
ORD-10550,Electronics,Same Day,317.57,1.5,19,2,2.1,0.86,1.44,2.9
ORD-10551,Sports & Outdoors,Economy,251.88,8.8,1076,3,21.8,1.27,0.93,72.6
ORD-10552,Home & Kitchen,Standard,173.83,8.1,992,4,10.5,0.93,1.52,45.6
ORD-10553,Office Supplies,Express,16.66,3.3,314,5,4.5,1.34,1.01,11.6
ORD-10554,Books,Economy,27.35,1.9,1385,6,16.8,1.0,1.6,105.4
ORD-10555,Apparel,Standard,178.68,0.3,209,1,7.1,1.41,1.09,15.1
ORD-10556,Toys & Games,Express,59.11,1.8,527,2,2.0,1.07,1.68,17.8
ORD-10557,Health & Beauty,Economy,26.54,0.2,394,3,11.8,0.73,1.17,25.3
ORD-10558,Electronics,Standard,343.13,3.1,476,4,15.8,1.14,1.76,39.7
ORD-10559,Sports & Outdoors,Express,195.4,5.0,120,5,3.6,0.8,1.25,5.6
ORD-10560,Home & Kitchen,Standard,341.71,4.5,654,6,9.5,1.21,1.84,45.9
ORD-10561,Office Supplies,Standard,78.98,3.3,743,1,12.4,0.87,1.33,33.9
ORD-10562,Books,Express,49.71,2.3,333,2,5.2,1.28,1.92,18.8
ORD-10563,Apparel,Standard,162.92,0.3,921,3,6.1,0.94,1.41,36.6
ORD-10564,Toys & Games,Standard,25.95,3.0,1010,4,9.0,1.35,0.9,39.7
ORD-10565,Health & Beauty,Express,84.58,0.4,546,5,2.7,1.01,1.49,16.4
ORD-10566,Electronics,Standard,369.69,4.7,138,6,14.8,1.42,0.98,19.6
ORD-10567,Sports & Outdoors,Standard,139.92,1.2,227,1,5.6,1.08,1.57,15.2
ORD-10568,Home & Kitchen,Express,189.59,11.9,139,2,4.3,0.74,1.06,6.1
ORD-10569,Office Supplies,Standard,55.3,3.3,405,3,11.4,1.15,1.65,30.6
ORD-10570,Books,Same Day,71.07,2.7,39,4,2.5,0.81,1.14,3.7
ORD-10571,Apparel,Economy,146.16,0.3,536,5,15.3,1.22,1.73,60.6
ORD-10572,Toys & Games,Standard,101.79,0.7,672,6,8.0,0.88,1.22,26.0
ORD-10573,Health & Beauty,Express,47.62,0.6,494,1,1.5,1.29,1.81,20.7
ORD-10574,Electronics,Economy,395.25,6.3,845,2,10.3,0.95,1.3,52.0
ORD-10575,Sports & Outdoors,Standard,83.44,6.4,939,3,4.6,1.36,1.89,64.9
ORD-10576,Home & Kitchen,Express,357.47,8.3,87,4,3.1,1.02,1.38,5.1
ORD-10577,Office Supplies,Economy,32.62,3.3,1154,5,21.4,1.43,0.87,78.8
ORD-10578,Books,Standard,28.43,0.6,156,6,13.3,1.09,1.46,19.5
ORD-10579,Apparel,Express,130.4,0.3,300,1,4.7,0.75,0.95,8.3
ORD-10580,Toys & Games,Standard,67.63,1.9,334,2,7.0,1.16,1.54,21.9
ORD-10581,Health & Beauty,Standard,105.66,0.8,423,3,9.9,0.82,1.03,18.8
ORD-10582,Electronics,Express,421.81,1.9,513,4,2.2,1.23,1.62,19.2
ORD-10583,Sports & Outdoors,Standard,267.96,2.6,601,5,15.7,0.89,1.11,30.5
ORD-10584,Home & Kitchen,Standard,205.35,4.7,690,6,6.5,1.3,1.7,44.6
ORD-10585,Office Supplies,Express,94.94,3.3,106,1,3.8,0.96,1.19,5.8
ORD-10586,Books,Standard,50.79,1.0,868,2,12.3,1.37,1.78,65.2
ORD-10587,Apparel,Standard,114.64,0.3,957,3,15.2,1.03,1.27,46.5
ORD-10588,Toys & Games,Express,33.47,3.1,319,4,5.4,1.44,1.86,19.6
ORD-10589,Health & Beauty,Standard,68.7,1.0,85,5,8.9,1.1,1.35,12.1
ORD-10590,Electronics,Same Day,447.37,3.5,11,6,1.1,0.76,1.94,1.6
ORD-10591,Sports & Outdoors,Economy,211.48,7.8,1296,1,8.8,1.17,1.43,95.5
ORD-10592,Home & Kitchen,Standard,53.23,12.1,352,2,5.5,0.83,0.92,12.2
ORD-10593,Office Supplies,Express,71.26,3.3,54,3,2.6,1.24,1.51,4.3
ORD-10594,Books,Economy,72.15,1.4,305,4,19.9,0.9,1.0,30.9
ORD-10595,Apparel,Standard,98.88,0.3,619,5,14.2,1.31,1.59,46.4
ORD-10596,Toys & Games,Express,109.31,0.8,267,6,4.2,0.97,1.08,8.9
ORD-10597,Health & Beauty,Economy,31.74,1.2,614,1,14.9,1.38,1.67,71.5
ORD-10598,Electronics,Standard,473.93,5.1,886,2,10.8,1.04,1.16,37.5
ORD-10599,Sports & Outdoors,Express,155.0,4.0,480,3,1.7,0.7,1.75,11.5
ORD-10600,Home & Kitchen,Standard,221.11,8.5,1064,4,4.5,1.11,1.24,41.1
ORD-10601,Office Supplies,Standard,48.58,3.3,103,5,7.4,0.77,1.83,11.0
ORD-10602,Books,Express,29.51,1.8,73,6,3.3,1.18,1.32,5.2
ORD-10603,Apparel,Standard,82.12,0.3,281,1,13.2,0.84,1.91,24.5
ORD-10604,Toys & Games,Standard,75.15,2.0,370,2,4.0,1.25,1.4,20.2
ORD-10605,Health & Beauty,Express,89.78,1.4,286,3,4.9,0.91,0.89,8.8
ORD-10606,Electronics,Standard,499.49,6.7,548,4,9.8,1.32,1.48,36.6
ORD-10607,Sports & Outdoors,Standard,99.52,9.2,637,5,12.7,0.98,0.97,27.8
ORD-10608,Home & Kitchen,Express,69.99,4.9,499,6,2.4,1.39,1.56,20.4
ORD-10609,Office Supplies,Standard,25.9,3.3,815,1,6.4,1.05,1.05,28.9
ORD-10610,Books,Same Day,51.87,2.2,31,2,1.5,0.71,1.64,2.7
ORD-10611,Apparel,Economy,66.36,0.3,756,3,18.4,1.12,1.13,56.7
ORD-10612,Toys & Games,Standard,41.99,3.2,1082,4,15.1,0.78,1.72,51.4
ORD-10613,Health & Beauty,Express,52.82,1.6,234,5,3.7,1.19,1.21,9.3
ORD-10614,Electronics,Economy,525.05,2.3,1065,6,13.4,0.85,1.8,78.6
ORD-10615,Sports & Outdoors,Standard,43.04,5.4,299,1,11.7,1.26,1.29,23.8
ORD-10616,Home & Kitchen,Express,237.87,1.3,447,2,5.3,0.92,1.88,18.2
ORD-10617,Office Supplies,Economy,87.22,3.3,1374,3,8.4,1.33,1.37,108.5
ORD-10618,Books,Standard,73.23,2.6,566,4,8.3,0.99,0.86,20.3
ORD-10619,Apparel,Express,50.6,0.3,40,5,2.8,1.4,1.45,4.2
ORD-10620,Toys & Games,Standard,117.83,0.9,744,6,14.1,1.06,0.94,32.6
ORD-10621,Health & Beauty,Standard,110.86,1.8,833,1,4.9,0.72,1.53,27.8
ORD-10622,Electronics,Express,551.61,3.9,253,2,4.4,1.13,1.02,9.3
ORD-10623,Sports & Outdoors,Standard,227.56,1.6,1011,3,10.7,0.79,1.61,42.8
ORD-10624,Home & Kitchen,Standard,85.75,8.7,1100,4,13.6,1.2,1.1,49.9
ORD-10625,Office Supplies,Express,64.54,3.3,466,5,1.9,0.86,1.69,13.2
ORD-10626,Books,Standard,30.59,0.5,228,6,7.3,1.27,1.18,15.8
ORD-10627,Apparel,Standard,34.84,0.3,317,1,10.2,0.93,1.77,23.2
ORD-10628,Toys & Games,Express,83.67,2.1,59,2,3.5,1.34,1.26,5.2
ORD-10629,Health & Beauty,Standard,73.9,0.2,495,3,16.0,1.0,1.85,38.9
ORD-10630,Electronics,Same Day,577.17,5.5,51,4,1.9,1.41,1.34,5.1
ORD-10631,Sports & Outdoors,Economy,171.08,6.8,216,5,11.9,1.07,1.93,29.7
ORD-10632,Home & Kitchen,Standard,253.63,5.1,762,6,12.6,0.73,1.42,32.3
ORD-10633,Office Supplies,Express,41.86,3.3,414,1,4.8,1.14,0.91,12.0
ORD-10634,Books,Economy,52.95,0.9,525,2,23.0,0.8,1.5,48.2
ORD-10635,Apparel,Standard,198.08,0.3,1029,3,9.2,1.21,0.99,40.0
ORD-10636,Toys & Games,Express,49.51,3.3,627,4,2.3,0.87,1.58,16.7
ORD-10637,Health & Beauty,Economy,36.94,0.4,834,5,18.0,1.28,1.07,63.7
ORD-10638,Electronics,Standard,603.73,1.1,246,6,5.8,0.94,1.66,15.4
ORD-10639,Sports & Outdoors,Express,115.6,3.0,220,1,3.9,1.35,1.15,9.6
ORD-10640,Home & Kitchen,Standard,101.51,1.5,424,2,11.6,1.01,1.74,30.2
ORD-10641,Office Supplies,Standard,18.18,3.3,513,3,14.5,1.42,1.23,36.9
ORD-10642,Books,Express,74.31,1.3,433,4,5.5,1.08,1.82,19.7
ORD-10643,Apparel,Standard,182.32,0.3,691,5,8.2,0.74,1.31,24.9
ORD-10644,Toys & Games,Standard,125.35,1.0,780,6,11.1,1.15,1.9,53.7
ORD-10645,Health & Beauty,Express,94.98,0.6,646,1,3.0,0.81,1.39,15.1
ORD-10646,Electronics,Standard,629.29,2.7,958,2,4.8,1.22,0.88,30.5
ORD-10647,Sports & Outdoors,Standard,59.12,8.2,1047,3,7.7,0.88,1.47,41.6
ORD-10648,Home & Kitchen,Express,269.39,8.9,239,4,4.6,1.29,0.96,9.5
ORD-10649,Office Supplies,Standard,80.5,3.3,175,5,13.5,0.95,1.55,19.9
ORD-10650,Books,Same Day,31.67,1.7,23,6,2.3,1.36,1.04,3.4
ORD-10651,Apparel,Economy,166.56,0.3,976,1,21.5,1.02,1.63,86.4
ORD-10652,Toys & Games,Standard,91.19,2.2,442,2,10.1,1.43,1.12,27.8
ORD-10653,Health & Beauty,Express,57.02,0.8,594,3,1.8,1.09,1.71,20.3
ORD-10654,Electronics,Economy,655.85,4.3,1285,4,16.5,0.75,1.2,62.8
ORD-10655,Sports & Outdoors,Standard,243.64,4.4,709,5,6.7,1.16,1.79,43.5
ORD-10656,Home & Kitchen,Express,117.27,5.3,187,6,3.4,0.82,1.28,6.7
ORD-10657,Office Supplies,Economy,57.82,3.3,294,1,11.5,1.23,1.87,38.5
ORD-10658,Books,Standard,53.03,2.1,976,2,15.4,0.89,1.36,44.9
ORD-10659,Apparel,Express,150.8,0.3,400,3,5.0,1.3,0.85,12.4
ORD-10660,Toys & Games,Standard,57.03,3.4,104,4,9.1,0.96,1.44,12.7
ORD-10661,Health & Beauty,Standard,20.06,1.0,193,5,12.0,1.37,0.93,18.1
ORD-10662,Electronics,Express,681.41,5.9,613,6,2.5,1.03,1.52,18.5
ORD-10663,Sports & Outdoors,Standard,187.16,9.6,371,1,5.7,1.44,1.01,19.2
ORD-10664,Home & Kitchen,Standard,285.15,1.7,460,2,8.6,1.1,1.6,28.8
ORD-10665,Office Supplies,Express,34.14,3.3,206,3,4.1,0.76,1.09,6.9
ORD-10666,Books,Standard,75.39,2.5,638,4,14.4,1.17,1.68,45.8
ORD-10667,Apparel,Standard,134.04,0.3,727,5,5.2,0.83,1.17,22.8
ORD-10668,Toys & Games,Express,23.87,1.1,419,6,1.6,1.24,1.76,16.8
ORD-10669,Health & Beauty,Standard,78.1,1.2,905,1,11.0,0.9,1.25,36.5
ORD-10670,Electronics,Same Day,707.97,1.5,43,2,0.9,1.31,1.84,4.4
ORD-10671,Sports & Outdoors,Economy,131.68,5.8,436,3,15.0,0.97,1.33,37.5
ORD-10672,Home & Kitchen,Standard,133.03,9.1,122,4,7.6,1.38,1.92,15.7
ORD-10673,Office Supplies,Express,96.46,3.3,154,5,2.9,1.04,1.41,6.7
ORD-10674,Books,Economy,32.75,0.4,745,6,10.0,0.7,0.9,28.8
ORD-10675,Apparel,Standard,118.28,0.3,389,1,4.2,1.11,1.49,20.3
ORD-10676,Toys & Games,Express,99.71,2.3,367,2,4.5,0.77,0.98,9.1
ORD-10677,Health & Beauty,Economy,41.14,1.4,1054,3,21.1,1.18,1.57,99.2
ORD-10678,Electronics,Standard,733.53,3.1,656,4,12.9,0.84,1.06,27.5
ORD-10679,Sports & Outdoors,Express,75.2,2.0,580,5,2.0,1.25,1.65,21.9
ORD-10680,Home & Kitchen,Standard,301.91,5.5,834,6,6.6,0.91,1.14,28.2
ORD-10681,Office Supplies,Standard,73.78,3.3,923,1,9.5,1.32,1.73,62.2
ORD-10682,Books,Express,54.11,0.8,173,2,3.6,0.98,1.22,7.0
ORD-10683,Apparel,Standard,102.52,0.3,1101,3,15.3,1.39,1.81,84.6
ORD-10684,Toys & Games,Standard,65.55,3.5,140,4,6.1,1.05,1.3,10.9
ORD-10685,Health & Beauty,Express,99.18,1.6,386,5,5.2,0.71,1.89,13.8
ORD-10686,Electronics,Standard,759.09,4.7,318,6,11.9,1.12,1.38,24.2
ORD-10687,Sports & Outdoors,Standard,259.72,7.2,407,1,14.8,0.78,0.87,21.7
ORD-10688,Home & Kitchen,Express,149.79,1.9,599,2,2.7,1.19,1.46,20.0
ORD-10689,Office Supplies,Standard,50.1,3.3,585,3,8.5,0.85,0.95,20.3
ORD-10690,Books,Same Day,76.47,1.2,15,4,1.3,1.26,1.54,2.3
ORD-10691,Apparel,Economy,86.76,0.3,1196,5,8.5,0.92,1.03,53.8
ORD-10692,Toys & Games,Standard,31.39,1.2,852,6,5.1,1.33,1.62,51.0
ORD-10693,Health & Beauty,Express,62.22,1.8,334,1,4.0,0.99,1.11,10.1
ORD-10694,Electronics,Economy,785.65,6.3,205,2,19.6,1.4,1.7,39.1
ORD-10695,Sports & Outdoors,Standard,203.24,3.4,1119,3,13.8,1.06,1.19,49.1
ORD-10696,Home & Kitchen,Express,317.67,9.3,547,4,1.5,0.72,1.78,13.2
ORD-10697,Office Supplies,Economy,27.42,3.3,514,5,14.6,1.13,1.27,44.1
ORD-10698,Books,Standard,33.83,1.6,336,6,10.4,0.79,1.86,22.7
ORD-10699,Apparel,Express,70.0,0.3,140,1,3.1,1.2,1.35,6.9
ORD-10700,Toys & Games,Standard,107.23,2.4,514,2,4.1,0.86,1.94,25.5
ORD-10701,Health & Beauty,Standard,25.26,0.2,603,3,7.0,1.27,1.43,34.4
ORD-10702,Electronics,Express,811.21,1.9,353,4,4.7,0.93,0.92,9.7
ORD-10703,Sports & Outdoors,Standard,147.76,8.6,781,5,12.8,1.34,1.51,52.3
ORD-10704,Home & Kitchen,Standard,165.55,5.7,870,6,15.7,1.0,1.0,37.5
ORD-10705,Office Supplies,Express,89.74,3.3,566,1,2.2,1.41,1.59,23.3
ORD-10706,Books,Standard,55.19,2.0,1048,2,9.4,1.07,1.08,39.7
ORD-10707,Apparel,Standard,54.24,0.3,87,3,12.3,0.73,1.67,15.0
ORD-10708,Toys & Games,Express,73.07,3.6,159,4,3.8,1.14,1.16,7.3
ORD-10709,Health & Beauty,Standard,83.3,0.4,265,5,6.0,0.8,1.75,15.3
ORD-10710,Electronics,Same Day,837.77,3.5,35,6,1.7,1.21,1.24,3.5
ORD-10711,Sports & Outdoors,Economy,91.28,4.8,656,1,18.1,0.87,1.83,59.9
ORD-10712,Home & Kitchen,Standard,333.43,2.1,532,2,14.7,1.28,1.32,37.2
ORD-10713,Office Supplies,Express,66.06,3.3,514,3,5.1,0.94,1.91,20.5
ORD-10714,Books,Economy,12.55,2.4,965,4,13.1,1.35,1.4,86.1
ORD-10715,Apparel,Standard,38.48,0.3,799,5,11.3,1.01,0.89,29.3
ORD-10716,Toys & Games,Express,39.91,1.3,107,6,2.6,1.42,1.48,6.3
ORD-10717,Health & Beauty,Economy,46.34,0.6,1274,1,8.1,1.08,0.97,61.5
ORD-10718,Electronics,Standard,863.33,5.1,1066,2,7.9,0.74,1.56,38.7
ORD-10719,Sports & Outdoors,Express,35.8,1.0,320,3,4.2,1.15,1.05,10.6
ORD-10720,Home & Kitchen,Standard,181.31,9.5,194,4,13.7,0.81,1.64,20.1
ORD-10721,Office Supplies,Standard,43.38,3.3,283,5,4.5,1.22,1.13,14.3
ORD-10722,Books,Express,34.91,2.8,533,6,1.7,0.88,1.72,15.1
ORD-10723,Apparel,Standard,202.72,0.3,461,1,10.3,1.29,1.21,28.3
ORD-10724,Toys & Games,Standard,115.75,2.5,550,2,13.2,0.95,1.8,36.7
ORD-10725,Health & Beauty,Express,104.38,0.8,126,3,3.3,1.36,1.29,7.0
ORD-10726,Electronics,Standard,139.89,6.7,728,4,6.9,1.02,1.88,41.8
ORD-10727,Sports & Outdoors,Standard,219.32,6.2,817,5,9.8,1.43,1.37,49.8
ORD-10728,Home & Kitchen,Express,349.19,5.9,339,6,4.9,1.09,0.86,10.2
ORD-10729,Office Supplies,Standard,20.7,3.3,995,1,15.6,0.75,1.45,42.7
ORD-10730,Books,Same Day,56.27,0.7,55,2,2.1,1.16,0.94,4.1
ORD-10731,Apparel,Economy,186.96,0.3,1416,3,11.6,0.82,1.53,82.7
ORD-10732,Toys & Games,Standard,81.59,3.7,212,4,12.2,1.23,1.02,18.8
ORD-10733,Health & Beauty,Express,67.42,1.0,74,5,2.1,0.89,1.61,3.9
ORD-10734,Electronics,Economy,165.45,2.3,425,6,22.7,1.3,1.1,47.0
ORD-10735,Sports & Outdoors,Standard,163.84,2.4,479,1,8.8,0.96,1.69,28.2
ORD-10736,Home & Kitchen,Express,197.07,2.3,287,2,3.7,1.37,1.18,11.4
ORD-10737,Office Supplies,Economy,82.02,3.3,734,3,17.7,1.03,1.77,71.2
ORD-10738,Books,Standard,13.63,1.1,746,4,5.4,1.44,1.26,39.2
ORD-10739,Apparel,Express,170.2,0.3,500,5,5.3,1.1,1.85,22.3
ORD-10740,Toys & Games,Standard,47.43,1.4,924,6,11.2,0.76,1.34,34.7
ORD-10741,Health & Beauty,Standard,30.46,1.2,1013,1,14.1,1.17,1.93,71.3
ORD-10742,Electronics,Express,191.01,3.9,93,2,2.8,0.83,1.42,4.6
ORD-10743,Sports & Outdoors,Standard,107.36,7.6,141,3,7.8,1.24,0.91,11.8
ORD-10744,Home & Kitchen,Standard,45.95,9.7,230,4,10.7,0.9,1.5,18.5
ORD-10745,Office Supplies,Express,59.34,3.3,306,5,4.4,1.31,0.99,11.0
ORD-10746,Books,Standard,35.99,1.5,408,6,4.4,0.97,1.58,20.0
ORD-10747,Apparel,Standard,154.44,0.3,497,1,7.3,1.38,1.07,25.6
ORD-10748,Toys & Games,Express,123.27,2.6,519,2,1.9,1.04,1.66,16.8
ORD-10749,Health & Beauty,Standard,88.5,1.4,675,3,13.1,0.7,1.15,26.7
ORD-10750,Electronics,Same Day,217.57,5.5,27,4,2.5,1.11,1.74,4.2
ORD-10751,Sports & Outdoors,Economy,51.88,3.8,876,5,21.2,0.77,1.23,54.4
ORD-10752,Home & Kitchen,Standard,213.83,6.1,942,6,9.7,1.18,1.82,60.3
ORD-10753,Office Supplies,Express,36.66,3.3,254,1,3.2,0.84,1.31,7.9
ORD-10754,Books,Economy,57.35,1.9,1185,2,16.2,1.25,1.9,128.8
ORD-10755,Apparel,Standard,138.68,0.3,159,3,6.3,0.91,1.39,11.3
ORD-10756,Toys & Games,Express,89.11,3.8,467,4,4.8,1.32,0.88,13.8
ORD-10757,Health & Beauty,Economy,51.54,1.6,194,5,11.2,0.98,1.47,22.4
ORD-10758,Electronics,Standard,243.13,1.1,426,6,15.0,1.39,0.96,29.2
ORD-10759,Sports & Outdoors,Express,235.4,9.0,60,1,2.3,1.05,1.55,3.9
ORD-10760,Home & Kitchen,Standard,61.71,2.5,604,2,8.7,0.71,1.04,19.8
ORD-10761,Office Supplies,Standard,98.98,3.3,693,3,11.6,1.12,1.63,43.2
ORD-10762,Books,Express,14.71,2.3,273,4,3.9,0.78,1.12,7.9
ORD-10763,Apparel,Standard,122.92,0.3,871,5,5.3,1.19,1.71,49.6
ORD-10764,Toys & Games,Standard,55.95,1.5,960,6,8.2,0.85,1.2,32.7
ORD-10765,Health & Beauty,Express,109.58,1.8,486,1,5.5,1.26,1.79,23.8
ORD-10766,Electronics,Standard,269.69,2.7,88,2,14.0,0.92,1.28,16.6
ORD-10767,Sports & Outdoors,Standard,179.92,5.2,177,3,4.8,1.33,1.87,15.8
ORD-10768,Home & Kitchen,Express,229.59,9.9,79,4,3.0,0.99,1.36,4.8
ORD-10769,Office Supplies,Standard,75.3,3.3,355,5,10.6,1.4,0.85,21.2
ORD-10770,Books,Same Day,36.07,2.7,47,6,1.1,1.06,1.44,3.5
ORD-10771,Apparel,Economy,106.16,0.3,336,1,14.7,0.72,0.93,23.7
ORD-10772,Toys & Games,Standard,21.79,2.7,622,2,7.2,1.13,1.52,33.9
ORD-10773,Health & Beauty,Express,72.62,0.2,434,3,4.3,0.79,1.01,10.1
ORD-10774,Electronics,Economy,295.25,4.3,645,4,9.7,1.2,1.6,59.2
ORD-10775,Sports & Outdoors,Standard,123.44,1.4,889,5,15.9,0.86,1.09,36.7
ORD-10776,Home & Kitchen,Express,77.47,6.3,647,6,1.8,1.27,1.68,24.8
ORD-10777,Office Supplies,Economy,52.62,3.3,954,1,20.8,0.93,1.17,62.3
ORD-10778,Books,Standard,58.43,0.6,106,2,12.5,1.34,1.76,18.7
ORD-10779,Apparel,Express,90.4,0.3,240,3,3.4,1.0,1.25,8.4
ORD-10780,Toys & Games,Standard,97.63,3.9,284,4,6.2,1.41,1.84,24.6
ORD-10781,Health & Beauty,Standard,35.66,0.4,373,5,9.1,1.07,1.33,22.4
ORD-10782,Electronics,Express,321.81,5.9,453,6,5.0,0.73,1.92,15.6
ORD-10783,Sports & Outdoors,Standard,67.96,6.6,551,1,14.9,1.14,1.41,37.0
ORD-10784,Home & Kitchen,Standard,245.35,2.7,640,2,5.7,0.8,0.9,17.2
ORD-10785,Office Supplies,Express,29.94,3.3,46,3,2.5,1.21,1.49,3.9
ORD-10786,Books,Standard,15.79,1.0,818,4,11.5,0.87,0.98,28.9
ORD-10787,Apparel,Standard,74.64,0.3,907,5,14.4,1.28,1.57,60.0
ORD-10788,Toys & Games,Express,63.47,1.6,259,6,4.1,0.94,1.06,8.4
ORD-10789,Health & Beauty,Standard,93.7,0.6,1085,1,8.1,1.35,1.65,68.5
ORD-10790,Electronics,Same Day,347.37,1.5,19,2,1.5,1.01,1.14,2.2
ORD-10791,Sports & Outdoors,Economy,251.48,2.8,1096,3,8.2,1.42,1.73,115.9
ORD-10792,Home & Kitchen,Standard,93.23,10.1,302,4,4.7,1.08,1.22,14.6
ORD-10793,Office Supplies,Express,91.26,3.3,614,5,5.4,0.74,1.81,19.1
ORD-10794,Books,Economy,37.15,1.4,1405,6,19.3,1.15,1.3,103.3
ORD-10795,Apparel,Standard,58.88,0.3,569,1,13.4,0.81,1.89,35.2
ORD-10796,Toys & Games,Express,29.31,2.8,207,2,2.9,1.22,1.38,8.7
ORD-10797,Health & Beauty,Economy,56.74,0.8,414,3,14.3,0.88,0.87,27.0
ORD-10798,Electronics,Standard,373.93,3.1,836,4,10.0,1.29,1.46,49.4
ORD-10799,Sports & Outdoors,Express,195.0,8.0,420,5,4.5,0.95,0.95,10.8
ORD-10800,Home & Kitchen,Standard,261.11,6.5,1014,6,15.8,1.36,1.54,68.9
ORD-10801,Office Supplies,Standard,68.58,3.3,1103,1,6.6,1.02,1.03,35.6
ORD-10802,Books,Express,59.51,1.8,633,2,2.0,1.43,1.62,26.4
ORD-10803,Apparel,Standard,42.12,0.3,231,3,12.4,1.09,1.11,19.4
ORD-10804,Toys & Games,Standard,105.15,0.5,320,4,15.3,0.75,1.7,25.5
ORD-10805,Health & Beauty,Express,19.78,1.0,226,5,3.6,1.16,1.19,8.8
ORD-10806,Electronics,Standard,399.49,4.7,498,6,9.0,0.82,1.78,27.2
ORD-10807,Sports & Outdoors,Standard,139.52,4.2,587,1,11.9,1.23,1.27,34.8
ORD-10808,Home & Kitchen,Express,109.99,2.9,439,2,5.2,0.89,1.86,17.3
ORD-10809,Office Supplies,Standard,45.9,3.3,765,3,5.6,1.3,1.35,39.2
ORD-10810,Books,Same Day,16.87,2.2,39,4,1.9,0.96,1.94,4.3
ORD-10811,Apparel,Economy,206.36,0.3,556,5,17.8,1.37,1.43,61.4
ORD-10812,Toys & Games,Standard,71.99,1.7,1032,6,14.3,1.03,0.92,38.7
ORD-10813,Health & Beauty,Express,77.82,1.2,174,1,2.4,1.44,1.51,8.7
ORD-10814,Electronics,Economy,425.05,6.3,865,2,12.8,1.1,1.0,50.9
ORD-10815,Sports & Outdoors,Standard,83.04,9.4,249,3,10.9,0.76,1.59,18.4
ORD-10816,Home & Kitchen,Express,277.87,10.3,387,4,4.0,1.17,1.08,12.2
ORD-10817,Office Supplies,Economy,22.22,3.3,1174,5,23.9,0.83,1.67,89.0
ORD-10818,Books,Standard,38.23,2.6,516,6,7.5,1.24,1.16,26.1
ORD-10819,Apparel,Express,190.6,0.3,600,1,1.5,0.9,1.75,17.3
ORD-10820,Toys & Games,Standard,37.83,2.9,694,2,13.3,1.31,1.24,41.5
ORD-10821,Health & Beauty,Standard,40.86,1.4,783,3,4.1,0.97,1.83,38.8
ORD-10822,Electronics,Express,451.61,1.9,193,4,3.1,1.38,1.32,9.0
ORD-10823,Sports & Outdoors,Standard,267.56,5.6,961,5,9.9,1.04,1.91,57.6
ORD-10824,Home & Kitchen,Standard,125.75,6.7,1050,6,12.8,0.7,1.4,38.5
ORD-10825,Office Supplies,Express,84.54,3.3,406,1,4.7,1.11,0.89,11.4
ORD-10826,Books,Standard,60.59,0.5,178,2,6.5,0.77,1.48,11.6
ORD-10827,Apparel,Standard,174.84,0.3,267,3,9.4,1.18,0.97,17.0
ORD-10828,Toys & Games,Express,113.67,0.6,619,4,2.2,0.84,1.56,15.7
ORD-10829,Health & Beauty,Standard,98.9,1.6,445,5,15.2,1.25,1.05,29.8
ORD-10830,Electronics,Same Day,477.17,3.5,11,6,2.3,0.91,1.64,2.8
ORD-10831,Sports & Outdoors,Economy,211.08,1.8,1316,1,11.3,1.32,1.13,89.8
ORD-10832,Home & Kitchen,Standard,293.63,3.1,712,2,11.8,0.98,1.72,41.8
ORD-10833,Office Supplies,Express,61.86,3.3,354,3,3.5,1.39,1.21,13.4
ORD-10834,Books,Economy,17.95,0.9,325,4,22.4,1.05,1.8,47.0
ORD-10835,Apparel,Standard,158.08,0.3,979,5,8.4,0.71,1.29,30.8
ORD-10836,Toys & Games,Express,79.51,1.8,567,6,5.1,1.12,1.88,25.0
ORD-10837,Health & Beauty,Economy,61.94,1.8,634,1,17.4,0.78,1.37,44.5
ORD-10838,Electronics,Standard,503.73,5.1,196,2,5.0,1.19,0.86,10.0
ORD-10839,Sports & Outdoors,Express,155.6,7.0,160,3,2.6,0.85,1.45,5.9
ORD-10840,Home & Kitchen,Standard,141.51,10.5,374,4,10.8,1.26,0.94,21.9
ORD-10841,Office Supplies,Standard,38.18,3.3,463,5,13.7,0.92,1.53,30.0
ORD-10842,Books,Express,39.31,1.3,373,6,4.2,1.33,1.02,12.6
ORD-10843,Apparel,Standard,142.32,0.3,641,1,7.4,0.99,1.61,32.9
ORD-10844,Toys & Games,Standard,45.35,3.0,730,2,10.3,1.4,1.1,38.4
ORD-10845,Health & Beauty,Express,24.98,0.2,586,3,1.7,1.06,1.69,19.2
ORD-10846,Electronics,Standard,529.29,6.7,908,4,4.0,0.72,1.18,23.3
ORD-10847,Sports & Outdoors,Standard,99.12,3.2,997,5,6.9,1.13,1.77,56.8
ORD-10848,Home & Kitchen,Express,309.39,6.9,179,6,3.3,0.79,1.26,6.3
ORD-10849,Office Supplies,Standard,15.5,3.3,125,1,12.7,1.2,1.85,19.6
ORD-10850,Books,Same Day,61.67,1.7,31,2,0.9,0.86,1.34,2.1
ORD-10851,Apparel,Economy,126.56,0.3,776,3,20.9,1.27,1.93,97.0
ORD-10852,Toys & Games,Standard,121.19,0.7,392,4,9.3,0.93,1.42,22.2
ORD-10853,Health & Beauty,Express,82.02,0.4,534,5,4.6,1.34,0.91,15.5
ORD-10854,Electronics,Economy,555.85,2.3,1085,6,15.9,1.0,1.5,81.0
ORD-10855,Sports & Outdoors,Standard,43.64,8.4,659,1,5.9,1.41,0.99,28.9
ORD-10856,Home & Kitchen,Express,157.27,3.3,127,2,2.1,1.07,1.58,5.7
ORD-10857,Office Supplies,Economy,77.82,3.3,1394,3,10.9,0.73,1.07,54.5
ORD-10858,Books,Standard,18.03,2.1,926,4,14.6,1.14,1.66,58.4
ORD-10859,Apparel,Express,110.8,0.3,340,5,3.7,0.8,1.15,8.9
ORD-10860,Toys & Games,Standard,87.03,1.9,1104,6,8.3,1.21,1.74,66.4
ORD-10861,Health & Beauty,Standard,45.06,0.6,143,1,11.2,0.87,1.23,15.0
ORD-10862,Electronics,Express,581.41,3.9,553,2,5.3,1.28,1.82,26.8
ORD-10863,Sports & Outdoors,Standard,227.16,4.6,321,3,4.9,0.94,1.31,14.8
ORD-10864,Home & Kitchen,Standard,325.15,10.7,410,4,7.8,1.35,1.9,34.1
ORD-10865,Office Supplies,Express,54.14,3.3,146,5,2.8,1.01,1.39,6.2
ORD-10866,Books,Standard,40.39,2.5,588,6,13.6,1.42,0.88,32.0
ORD-10867,Apparel,Standard,94.04,0.3,677,1,4.4,1.08,1.47,31.3
ORD-10868,Toys & Games,Express,53.87,3.1,359,2,4.4,0.74,0.96,8.7
ORD-10869,Health & Beauty,Standard,103.1,0.8,855,3,10.2,1.15,1.55,48.3
ORD-10870,Electronics,Same Day,607.97,5.5,51,4,1.3,0.81,1.04,2.7
ORD-10871,Sports & Outdoors,Economy,171.68,9.8,236,5,14.4,1.22,1.63,33.2
ORD-10872,Home & Kitchen,Standard,173.03,7.1,1122,6,6.8,0.88,1.12,34.4
ORD-10873,Office Supplies,Express,31.46,3.3,94,1,1.6,1.29,1.71,5.1
ORD-10874,Books,Economy,62.75,0.4,545,2,9.4,0.95,1.2,34.3
ORD-10875,Apparel,Standard,78.28,0.3,339,3,15.5,1.36,1.79,36.1
ORD-10876,Toys & Games,Express,129.71,0.8,307,4,3.2,1.02,1.28,9.9
ORD-10877,Health & Beauty,Economy,66.14,1.0,854,5,20.5,1.43,1.87,111.8
ORD-10878,Electronics,Standard,633.53,1.1,606,6,12.1,1.09,1.36,34.6
ORD-10879,Sports & Outdoors,Express,115.2,6.0,520,1,4.8,0.75,0.85,10.3
ORD-10880,Home & Kitchen,Standard,341.91,3.5,784,2,5.8,1.16,1.44,38.5
ORD-10881,Office Supplies,Standard,93.78,3.3,873,3,8.7,0.82,0.93,25.3
ORD-10882,Books,Express,19.11,0.8,113,4,2.3,1.23,1.52,5.8
ORD-10883,Apparel,Standard,62.52,0.3,1051,5,14.5,0.89,1.01,38.1
ORD-10884,Toys & Games,Standard,95.55,2.0,90,6,5.3,1.3,1.6,10.0
ORD-10885,Health & Beauty,Express,29.18,1.2,326,1,3.9,0.96,1.09,9.6
ORD-10886,Electronics,Standard,659.09,2.7,268,2,11.1,1.37,1.68,26.5
ORD-10887,Sports & Outdoors,Standard,59.72,2.2,357,3,14.0,1.03,1.17,24.8
ORD-10888,Home & Kitchen,Express,189.79,10.9,539,4,5.5,1.44,1.76,28.3
ORD-10889,Office Supplies,Standard,70.1,3.3,535,5,7.7,1.1,1.25,26.1
ORD-10890,Books,Same Day,41.47,1.2,23,6,1.7,0.76,1.84,2.8
ORD-10891,Apparel,Economy,46.76,0.3,996,1,24.0,1.17,1.33,86.0
ORD-10892,Toys & Games,Standard,61.39,3.2,802,2,4.3,0.83,1.92,36.3
ORD-10893,Health & Beauty,Express,87.22,1.4,274,3,2.7,1.24,1.41,10.7
ORD-10894,Electronics,Economy,685.65,4.3,1305,4,19.0,0.9,0.9,61.3
ORD-10895,Sports & Outdoors,Standard,243.24,7.4,1069,5,13.0,1.31,1.49,65.2
ORD-10896,Home & Kitchen,Express,357.67,7.3,487,6,4.3,0.97,0.98,12.0
ORD-10897,Office Supplies,Economy,47.42,3.3,314,1,14.0,1.38,1.57,41.2
ORD-10898,Books,Standard,63.83,1.6,286,2,9.6,1.04,1.06,17.5
ORD-10899,Apparel,Express,30.0,0.3,80,3,1.8,0.7,1.65,3.3
ORD-10900,Toys & Games,Standard,27.23,0.9,464,4,15.4,1.11,1.14,30.1
ORD-10901,Health & Beauty,Standard,50.26,1.6,553,5,6.2,0.77,1.73,24.6
ORD-10902,Electronics,Express,711.21,5.9,293,6,3.4,1.18,1.22,10.4
ORD-10903,Sports & Outdoors,Standard,187.76,3.6,731,1,12.0,0.84,1.81,39.8
ORD-10904,Home & Kitchen,Standard,205.55,3.7,820,2,14.9,1.25,1.3,48.2
ORD-10905,Office Supplies,Express,24.74,3.3,506,3,5.0,0.91,1.89,19.5
ORD-10906,Books,Standard,20.19,2.0,998,4,8.6,1.32,1.38,54.0
ORD-10907,Apparel,Standard,194.24,0.3,1087,5,11.5,0.98,0.87,34.7
ORD-10908,Toys & Games,Express,103.07,2.1,99,6,2.5,1.39,1.46,5.8
ORD-10909,Health & Beauty,Standard,108.3,1.8,215,1,5.2,1.05,0.95,10.6
ORD-10910,Electronics,Same Day,737.77,1.5,43,2,2.1,0.71,1.54,3.7
ORD-10911,Sports & Outdoors,Economy,131.28,8.8,456,3,17.5,1.12,1.03,38.5
ORD-10912,Home & Kitchen,Standard,53.43,11.1,482,4,13.9,0.78,1.62,29.1
ORD-10913,Office Supplies,Express,86.06,3.3,454,5,3.8,1.19,1.11,13.8
ORD-10914,Books,Economy,42.55,2.4,765,6,12.5,0.85,1.7,56.7
ORD-10915,Apparel,Standard,178.48,0.3,749,1,10.5,1.26,1.19,38.6
ORD-10916,Toys & Games,Express,69.91,3.3,47,2,5.4,0.92,1.78,6.7
ORD-10917,Health & Beauty,Economy,71.34,0.2,1074,3,23.6,1.33,1.27,96.2
ORD-10918,Electronics,Standard,763.33,3.1,1016,4,7.1,0.99,1.86,53.9
ORD-10919,Sports & Outdoors,Express,75.8,5.0,260,5,2.9,1.4,1.35,11.1
ORD-10920,Home & Kitchen,Standard,221.31,7.5,144,6,12.9,1.06,1.94,20.3
ORD-10921,Office Supplies,Standard,63.38,3.3,233,1,15.8,0.72,1.43,21.8
ORD-10922,Books,Express,64.91,2.8,473,2,4.5,1.13,0.92,12.7
ORD-10923,Apparel,Standard,162.72,0.3,411,3,9.5,0.79,1.51,21.8
ORD-10924,Toys & Games,Standard,35.75,1.0,500,4,12.4,1.2,1.0,27.4
ORD-10925,Health & Beauty,Express,34.38,0.4,66,5,2.0,0.86,1.59,3.5
ORD-10926,Electronics,Standard,789.89,4.7,678,6,6.1,1.27,1.08,29.3
ORD-10927,Sports & Outdoors,Standard,259.32,1.2,767,1,9.0,0.93,1.67,38.8
ORD-10928,Home & Kitchen,Express,69.19,3.9,279,2,3.6,1.34,1.16,10.8
ORD-10929,Office Supplies,Standard,40.7,3.3,945,3,14.8,1.0,1.75,56.1
ORD-10930,Books,Same Day,21.27,0.7,15,4,2.5,1.41,1.24,3.4
ORD-10931,Apparel,Economy,146.96,0.3,1216,5,11.0,1.07,1.83,106.2
ORD-10932,Toys & Games,Standard,111.59,2.2,162,6,11.4,0.73,1.32,15.3
ORD-10933,Health & Beauty,Express,92.42,0.6,634,1,4.9,1.14,1.91,27.9
ORD-10934,Electronics,Economy,815.45,6.3,225,2,22.1,0.8,1.4,32.2
ORD-10935,Sports & Outdoors,Standard,203.84,6.4,429,3,8.0,1.21,0.89,19.5
ORD-10936,Home & Kitchen,Express,237.07,11.3,227,4,2.4,0.87,1.48,7.3
ORD-10937,Office Supplies,Economy,17.02,3.3,534,5,17.1,1.28,0.97,43.6
ORD-10938,Books,Standard,43.63,1.1,696,6,4.6,0.94,1.56,30.1
ORD-10939,Apparel,Express,130.2,0.3,440,1,4.0,1.35,1.05,14.4
ORD-10940,Toys & Games,Standard,77.43,3.4,874,2,10.4,1.01,1.64,46.6
ORD-10941,Health & Beauty,Standard,55.46,0.8,963,3,13.3,1.42,1.13,51.9
ORD-10942,Electronics,Express,841.01,1.9,653,4,1.5,1.08,1.72,21.7
ORD-10943,Sports & Outdoors,Standard,147.36,2.6,91,5,7.0,0.74,1.21,9.0
ORD-10944,Home & Kitchen,Standard,85.95,7.7,180,6,9.9,1.15,1.8,19.2
ORD-10945,Office Supplies,Express,79.34,3.3,246,1,3.1,0.81,1.29,7.4
ORD-10946,Books,Standard,65.99,1.5,358,2,15.7,1.22,1.88,36.2
ORD-10947,Apparel,Standard,114.44,0.3,447,3,6.5,0.88,1.37,20.0
ORD-10948,Toys & Games,Express,43.27,1.1,459,4,4.7,1.29,0.86,13.2
ORD-10949,Health & Beauty,Standard,18.5,1.0,625,5,12.3,0.95,1.45,33.8
ORD-10950,Electronics,Same Day,867.57,3.5,35,6,1.1,1.36,0.94,2.6
ORD-10951,Sports & Outdoors,Economy,91.88,7.8,676,1,20.6,1.02,1.53,62.8
ORD-10952,Home & Kitchen,Standard,253.83,4.1,892,2,8.9,1.43,1.02,41.4
ORD-10953,Office Supplies,Express,56.66,3.3,194,3,1.9,1.09,1.61,7.6
ORD-10954,Books,Economy,22.35,1.9,985,4,15.6,0.75,1.1,48.1
ORD-10955,Apparel,Standard,98.68,0.3,109,5,5.5,1.16,1.69,10.8
ORD-10956,Toys & Games,Express,119.11,2.3,407,6,3.5,0.82,1.18,10.1
ORD-10957,Health & Beauty,Economy,76.54,1.2,1294,1,10.6,1.23,1.77,123.3
ORD-10958,Electronics,Standard,143.13,5.1,376,2,14.2,0.89,1.26,24.7
ORD-10959,Sports & Outdoors,Express,35.4,4.0,620,3,5.1,1.3,1.85,30.0
ORD-10960,Home & Kitchen,Standard,101.71,11.5,554,4,7.9,0.96,1.34,25.7
ORD-10961,Office Supplies,Standard,33.98,3.3,643,5,10.8,1.37,1.93,53.3
ORD-10962,Books,Express,44.71,2.3,213,6,2.6,1.03,1.42,7.8
ORD-10963,Apparel,Standard,82.92,0.3,821,1,4.5,1.44,0.91,31.4
ORD-10964,Toys & Games,Standard,85.95,3.5,910,2,7.4,1.1,1.5,44.9
ORD-10965,Health & Beauty,Express,39.58,1.4,426,3,4.2,0.76,0.99,9.5
ORD-10966,Electronics,Standard,169.69,6.7,1088,4,13.2,1.17,1.58,63.5
ORD-10967,Sports & Outdoors,Standard,219.92,9.2,127,5,4.0,0.83,1.07,6.8
ORD-10968,Home & Kitchen,Express,269.59,7.9,639,6,1.7,1.24,1.66,23.6
ORD-10969,Office Supplies,Standard,95.3,3.3,305,1,9.8,0.9,1.15,17.7
ORD-10970,Books,Same Day,66.07,2.7,55,2,1.5,1.31,1.74,5.7
ORD-10971,Apparel,Economy,66.16,0.3,136,3,14.1,0.97,1.23,20.6
ORD-10972,Toys & Games,Standard,51.79,1.2,572,4,6.4,1.38,1.82,42.3
ORD-10973,Health & Beauty,Express,97.62,1.6,374,5,3.0,1.04,1.31,11.5
ORD-10974,Electronics,Economy,195.25,2.3,445,6,9.1,0.7,1.9,32.8
ORD-10975,Sports & Outdoors,Standard,163.44,5.4,839,1,15.1,1.11,1.39,47.5
ORD-10976,Home & Kitchen,Express,117.47,4.3,587,2,4.6,0.77,0.88,11.2
ORD-10977,Office Supplies,Economy,72.62,3.3,754,3,20.2,1.18,1.47,72.5
ORD-10978,Books,Standard,23.43,0.6,1106,4,11.7,0.84,0.96,34.0
ORD-10979,Apparel,Express,50.4,0.3,180,5,2.1,1.25,1.55,7.9
ORD-10980,Toys & Games,Standard,127.63,2.4,234,6,5.4,0.91,1.04,10.9
ORD-10981,Health & Beauty,Standard,60.66,1.8,323,1,8.3,1.32,1.63,25.7
ORD-10982,Electronics,Express,221.81,3.9,393,2,3.7,0.98,1.12,10.9
ORD-10983,Sports & Outdoors,Standard,107.96,1.6,501,3,14.1,1.39,1.71,43.9
ORD-10984,Home & Kitchen,Standard,285.35,11.7,590,4,4.9,1.05,1.2,23.5
ORD-10985,Office Supplies,Express,49.94,3.3,606,5,5.3,0.71,1.79,18.1
ORD-10986,Books,Standard,45.79,1.0,768,6,10.7,1.12,1.28,38.2
ORD-10987,Apparel,Standard,34.64,0.3,857,1,13.6,0.78,1.87,44.9
ORD-10988,Toys & Games,Express,93.47,3.6,199,2,2.8,1.19,1.36,8.2
ORD-10989,Health & Beauty,Standard,23.7,0.2,1035,3,7.3,0.85,0.85,26.0
ORD-10990,Electronics,Same Day,247.37,5.5,27,4,1.9,1.26,1.44,3.5
ORD-10991,Sports & Outdoors,Economy,51.48,6.8,896,5,23.7,0.92,0.93,54.4
ORD-10992,Home & Kitchen,Standard,133.23,8.1,252,6,16.0,1.33,1.52,28.7
ORD-10993,Office Supplies,Express,26.26,3.3,554,1,4.1,0.99,1.01,13.3
ORD-10994,Books,Economy,67.15,1.4,1205,2,18.7,1.4,1.6,126.7
ORD-10995,Apparel,Standard,198.88,0.3,519,3,12.6,1.06,1.09,27.6
ORD-10996,Toys & Games,Express,59.31,1.3,147,4,1.6,0.72,1.68,4.6
ORD-10997,Health & Beauty,Economy,81.74,0.4,214,5,13.7,1.13,1.17,25.0
ORD-10998,Electronics,Standard,273.93,1.1,786,6,9.2,0.79,1.76,36.5
ORD-10999,Sports & Outdoors,Express,235.0,3.0,360,1,3.2,1.2,1.25,12.2
ORD-11000,Home & Kitchen,Standard,301.11,4.5,964,2,15.0,0.86,1.84,53.1
ORD-11001,Office Supplies,Standard,88.58,3.3,1053,3,5.8,1.27,1.33,50.3
ORD-11002,Books,Express,24.51,1.8,573,4,4.8,0.93,1.92,21.9
ORD-11003,Apparel,Standard,182.12,0.3,181,5,11.6,1.34,1.41,20.1
ORD-11004,Toys & Games,Standard,25.15,2.5,270,6,14.5,1.0,0.9,20.6
ORD-11005,Health & Beauty,Express,44.78,0.6,166,1,2.3,1.41,1.49,8.1
ORD-11006,Electronics,Standard,299.49,2.7,448,2,8.2,1.07,0.98,19.9
ORD-11007,Sports & Outdoors,Standard,179.52,8.2,537,3,11.1,0.73,1.57,26.5
ORD-11008,Home & Kitchen,Express,149.99,11.9,379,4,3.9,1.14,1.06,11.5
ORD-11009,Office Supplies,Standard,65.9,3.3,715,5,4.8,0.8,1.65,28.4
ORD-11010,Books,Same Day,46.87,2.2,47,6,2.3,1.21,1.14,4.5
ORD-11011,Apparel,Economy,166.36,0.3,356,1,17.2,0.87,1.73,38.6
ORD-11012,Toys & Games,Standard,101.99,3.7,982,2,13.5,1.28,1.22,51.8
ORD-11013,Health & Beauty,Express,102.82,0.8,114,3,5.2,0.94,1.81,8.4
ORD-11014,Electronics,Economy,325.05,4.3,665,4,12.2,1.35,1.3,58.9
ORD-11015,Sports & Outdoors,Standard,123.04,4.4,199,5,10.1,1.01,1.89,19.6
ORD-11016,Home & Kitchen,Express,317.87,8.3,327,6,2.7,1.42,1.38,13.4
ORD-11017,Office Supplies,Economy,42.22,3.3,974,1,23.3,1.08,0.87,59.9
ORD-11018,Books,Standard,68.23,2.6,466,2,6.7,0.74,1.46,19.3
ORD-11019,Apparel,Express,150.6,0.3,540,3,4.3,1.15,0.95,14.1
ORD-11020,Toys & Games,Standard,67.83,1.4,644,4,12.5,0.81,1.54,32.6
ORD-11021,Health & Beauty,Standard,65.86,1.0,733,5,15.4,1.22,1.03,38.4
ORD-11022,Electronics,Express,351.61,5.9,133,6,1.8,0.88,1.62,5.0
ORD-11023,Sports & Outdoors,Standard,67.56,9.6,911,1,9.1,1.29,1.11,41.7
ORD-11024,Home & Kitchen,Standard,165.75,4.7,1000,2,12.0,0.95,1.7,52.4
ORD-11025,Office Supplies,Express,19.54,3.3,346,3,3.4,1.36,1.19,12.7
ORD-11026,Books,Standard,25.59,0.5,128,4,5.7,1.02,1.78,11.5
ORD-11027,Apparel,Standard,134.84,0.3,217,5,8.6,1.43,1.27,18.5
ORD-11028,Toys & Games,Express,33.67,2.6,559,6,5.0,1.09,1.86,23.9
ORD-11029,Health & Beauty,Standard,28.9,1.2,395,1,14.4,0.75,1.35,24.4
ORD-11030,Electronics,Same Day,377.17,1.5,19,2,0.9,1.16,1.94,2.3
ORD-11031,Sports & Outdoors,Economy,251.08,5.8,1116,3,10.7,0.82,1.43,63.0
ORD-11032,Home & Kitchen,Standard,333.63,12.1,662,4,11.0,1.23,0.92,29.7
ORD-11033,Office Supplies,Express,81.86,3.3,294,5,2.2,0.89,1.51,8.8
ORD-11034,Books,Economy,47.95,0.9,125,6,21.8,1.3,1.0,28.3
ORD-11035,Apparel,Standard,118.08,0.3,929,1,7.6,0.96,1.59,43.1
ORD-11036,Toys & Games,Express,109.51,3.8,507,2,3.8,1.37,1.08,16.3
ORD-11037,Health & Beauty,Economy,86.94,1.4,434,3,16.8,1.03,1.67,46.7
ORD-11038,Electronics,Standard,403.73,3.1,146,4,4.2,1.44,1.16,10.3
ORD-11039,Sports & Outdoors,Express,195.6,2.0,100,5,5.4,1.1,1.75,8.6
ORD-11040,Home & Kitchen,Standard,181.51,8.5,324,6,10.0,0.76,1.24,17.6
ORD-11041,Office Supplies,Standard,58.18,3.3,413,1,12.9,1.17,1.83,35.0
ORD-11042,Books,Express,69.31,1.3,313,2,2.9,0.83,1.32,8.6
ORD-11043,Apparel,Standard,102.32,0.3,591,3,6.6,1.24,1.91,41.6
ORD-11044,Toys & Games,Standard,75.35,1.5,680,4,9.5,0.9,1.4,30.9
ORD-11045,Health & Beauty,Express,49.98,1.6,526,5,4.5,1.31,0.89,14.7
ORD-11046,Electronics,Standard,429.29,4.7,858,6,15.3,0.97,1.48,46.1
ORD-11047,Sports & Outdoors,Standard,139.12,7.2,947,1,6.1,1.38,0.97,37.8
ORD-11048,Home & Kitchen,Express,349.39,4.9,119,2,2.0,1.04,1.56,5.2
ORD-11049,Office Supplies,Standard,35.5,3.3,75,3,11.9,0.7,1.05,13.3
ORD-11050,Books,Same Day,26.67,1.7,39,4,1.3,1.11,1.64,3.7
ORD-11051,Apparel,Economy,86.56,0.3,576,5,20.3,0.77,1.13,40.3
ORD-11052,Toys & Games,Standard,41.19,2.7,342,6,8.5,1.18,1.72,25.9
ORD-11053,Health & Beauty,Express,107.02,1.8,474,1,3.3,0.84,1.21,11.3
ORD-11054,Electronics,Economy,455.85,6.3,885,2,15.3,1.25,1.8,95.0
ORD-11055,Sports & Outdoors,Standard,83.64,3.4,609,3,5.1,0.91,1.29,23.0
ORD-11056,Home & Kitchen,Express,197.27,1.3,67,4,4.9,1.32,1.88,7.7
ORD-11057,Office Supplies,Economy,97.82,3.3,1194,5,10.3,0.98,1.37,74.4
ORD-11058,Books,Standard,48.03,2.1,876,6,13.8,1.39,0.86,40.0
ORD-11059,Apparel,Express,70.8,0.3,280,1,2.4,1.05,1.45,9.5
ORD-11060,Toys & Games,Standard,117.03,3.9,1054,2,7.5,0.71,0.94,25.1
ORD-11061,Health & Beauty,Standard,70.06,0.2,93,3,10.4,1.12,1.53,14.4
ORD-11062,Electronics,Express,481.41,1.9,493,4,4.0,0.78,1.02,10.5
ORD-11063,Sports & Outdoors,Standard,267.16,8.6,271,5,4.1,1.19,1.61,17.1
ORD-11064,Home & Kitchen,Standard,45.15,8.7,360,6,7.0,0.85,1.1,15.4
ORD-11065,Office Supplies,Express,74.14,3.3,86,1,1.5,1.26,1.69,4.6
ORD-11066,Books,Standard,70.39,2.5,538,2,12.8,0.92,1.18,27.4
ORD-11067,Apparel,Standard,54.04,0.3,627,3,15.7,1.33,1.77,52.6
ORD-11068,Toys & Games,Express,83.87,1.6,299,4,3.1,0.99,1.26,9.3
ORD-11069,Health & Beauty,Standard,33.1,0.4,805,5,9.4,1.4,1.85,61.5
ORD-11070,Electronics,Same Day,507.97,3.5,11,6,1.7,1.06,1.34,2.2
ORD-11071,Sports & Outdoors,Economy,211.68,4.8,1336,1,13.8,0.72,1.93,88.1
ORD-11072,Home & Kitchen,Standard,213.03,5.1,1072,2,6.0,1.13,1.42,49.0
ORD-11073,Office Supplies,Express,51.46,3.3,654,3,4.4,0.79,0.91,12.2
ORD-11074,Books,Economy,27.75,0.4,345,4,8.8,1.2,1.5,33.6
ORD-11075,Apparel,Standard,38.28,0.3,289,5,14.7,0.86,0.99,20.9
ORD-11076,Toys & Games,Express,49.71,2.8,247,6,1.9,1.27,1.58,10.2
ORD-11077,Health & Beauty,Economy,91.14,0.6,654,1,19.9,0.93,1.07,45.9
ORD-11078,Electronics,Standard,533.53,5.1,556,2,11.3,1.34,1.66,42.2
ORD-11079,Sports & Outdoors,Express,155.2,1.0,460,3,3.5,1.0,1.15,12.3
ORD-11080,Home & Kitchen,Standard,61.91,1.5,734,4,5.0,1.41,1.74,50.0
ORD-11081,Office Supplies,Standard,28.78,3.3,823,5,7.9,1.07,1.23,35.0
ORD-11082,Books,Express,49.11,0.8,53,6,5.1,0.73,1.82,6.3
ORD-11083,Apparel,Standard,202.52,0.3,1001,1,13.7,1.14,1.31,51.1
ORD-11084,Toys & Games,Standard,125.55,0.5,1090,2,4.5,0.8,1.9,45.9
ORD-11085,Health & Beauty,Express,54.18,0.8,266,3,2.6,1.21,1.39,10.1
ORD-11086,Electronics,Standard,559.09,6.7,218,4,10.3,0.87,0.88,14.5
ORD-11087,Sports & Outdoors,Standard,99.72,6.2,307,5,13.2,1.28,1.47,27.6
ORD-11088,Home & Kitchen,Express,229.79,8.9,479,6,4.2,0.94,0.96,11.4
ORD-11089,Office Supplies,Standard,90.1,3.3,485,1,6.9,1.35,1.55,32.3
ORD-11090,Books,Same Day,71.47,1.2,31,2,2.1,1.01,1.04,3.2
ORD-11091,Apparel,Economy,186.76,0.3,796,3,23.4,1.42,1.63,97.1
ORD-11092,Toys & Games,Standard,91.39,1.7,752,4,15.6,1.08,1.12,38.3
ORD-11093,Health & Beauty,Express,112.22,1.0,214,5,5.5,0.74,1.71,10.0
ORD-11094,Electronics,Economy,585.65,2.3,1105,6,18.4,1.15,1.2,79.4
ORD-11095,Sports & Outdoors,Standard,43.24,2.4,1019,1,12.2,0.81,1.79,49.1
ORD-11096,Home & Kitchen,Express,77.67,5.3,427,2,3.0,1.22,1.28,14.1
ORD-11097,Office Supplies,Economy,67.42,3.3,1414,3,13.4,0.88,1.87,106.5
ORD-11098,Books,Standard,28.83,1.6,236,4,8.8,1.29,1.36,19.2
ORD-11099,Apparel,Express,170.0,0.3,640,5,4.6,0.95,0.85,13.2
ORD-11100,Toys & Games,Standard,57.23,2.9,414,6,14.6,1.36,1.44,34.9
ORD-11101,Health & Beauty,Standard,75.26,1.2,503,1,5.4,1.02,0.93,17.3
ORD-11102,Electronics,Express,611.21,3.9,233,2,2.1,1.43,1.52,10.5
ORD-11103,Sports & Outdoors,Standard,227.76,7.6,681,3,11.2,1.09,1.01,29.9
ORD-11104,Home & Kitchen,Standard,245.55,1.7,770,4,14.1,0.75,1.6,37.2
ORD-11105,Office Supplies,Express,44.74,3.3,446,5,3.7,1.16,1.09,13.1
ORD-11106,Books,Standard,50.19,2.0,948,6,7.8,0.82,1.68,40.4
ORD-11107,Apparel,Standard,154.24,0.3,1037,1,10.7,1.23,1.17,48.0
ORD-11108,Toys & Games,Express,23.07,0.6,659,2,5.3,0.89,1.76,22.5
ORD-11109,Health & Beauty,Standard,38.3,1.4,165,3,4.4,1.3,1.25,11.1
ORD-11110,Electronics,Same Day,637.77,5.5,51,4,2.5,0.96,1.84,5.5
ORD-11111,Sports & Outdoors,Economy,171.28,3.8,256,5,16.9,1.37,1.33,35.6
ORD-11112,Home & Kitchen,Standard,93.43,9.1,432,6,13.1,1.03,1.92,34.5
ORD-11113,Office Supplies,Express,21.06,3.3,394,1,2.5,1.44,1.41,15.8
ORD-11114,Books,Economy,72.55,2.4,565,2,11.9,1.1,0.9,34.3
ORD-11115,Apparel,Standard,138.48,0.3,699,3,9.7,0.76,1.49,29.5
ORD-11116,Toys & Games,Express,99.91,1.8,607,4,4.1,1.17,0.98,15.7
ORD-11117,Health & Beauty,Economy,96.34,1.6,874,5,23.0,0.83,1.57,68.6
ORD-11118,Electronics,Standard,663.33,1.1,966,6,6.3,1.24,1.06,38.0
ORD-11119,Sports & Outdoors,Express,115.8,9.0,200,1,1.6,0.9,1.65,6.6
ORD-11120,Home & Kitchen,Standard,261.31,5.5,94,2,12.1,1.31,1.14,15.6
ORD-11121,Office Supplies,Standard,83.38,3.3,183,3,15.0,0.97,1.73,22.7
ORD-11122,Books,Express,29.91,2.8,413,4,3.2,1.38,1.22,14.8
ORD-11123,Apparel,Standard,122.72,0.3,361,5,8.7,1.04,1.81,25.7
ORD-11124,Toys & Games,Standard,65.75,3.0,450,6,11.6,0.7,1.3,21.8
ORD-11125,Health & Beauty,Express,59.38,1.8,626,1,4.8,1.11,1.89,26.7
ORD-11126,Electronics,Standard,689.89,2.7,628,2,5.3,0.77,1.38,22.0
ORD-11127,Sports & Outdoors,Standard,59.32,5.2,717,3,8.2,1.18,0.87,26.6
ORD-11128,Home & Kitchen,Express,109.19,1.9,219,4,2.3,0.84,1.46,6.8
ORD-11129,Office Supplies,Standard,60.7,3.3,895,5,14.0,1.25,0.95,40.6
ORD-11130,Books,Same Day,51.27,0.7,23,6,1.1,0.91,1.54,2.2
ORD-11131,Apparel,Economy,106.96,0.3,1016,1,10.4,1.32,1.03,65.7
ORD-11132,Toys & Games,Standard,31.59,0.7,112,2,10.6,0.98,1.62,15.0
ORD-11133,Health & Beauty,Express,22.42,0.2,574,3,3.6,1.39,1.11,18.4
ORD-11134,Electronics,Economy,715.45,4.3,1325,4,21.5,1.05,1.7,116.1
ORD-11135,Sports & Outdoors,Standard,243.84,1.4,379,5,7.2,0.71,1.19,15.2
ORD-11136,Home & Kitchen,Express,277.07,9.3,167,6,5.2,1.12,1.78,10.7
ORD-11137,Office Supplies,Economy,37.02,3.3,334,1,16.5,0.78,1.27,29.7
ORD-11138,Books,Standard,73.63,1.1,646,2,15.9,1.19,1.86,51.6
ORD-11139,Apparel,Express,90.2,0.3,380,3,2.7,0.85,1.35,10.0
ORD-11140,Toys & Games,Standard,107.43,1.9,824,4,9.6,1.26,1.94,60.0
ORD-11141,Health & Beauty,Standard,80.46,0.4,913,5,12.5,0.92,1.43,42.5
ORD-11142,Electronics,Express,741.01,5.9,593,6,4.3,1.33,0.92,16.4
ORD-11143,Sports & Outdoors,Standard,187.36,6.6,1091,1,6.2,0.99,1.51,47.0
ORD-11144,Home & Kitchen,Standard,125.95,5.7,130,2,9.1,1.4,1.0,13.7
ORD-11145,Office Supplies,Express,99.34,3.3,186,3,1.8,1.06,1.59,7.0
ORD-11146,Books,Standard,30.99,1.5,308,4,14.9,0.72,1.08,20.9
ORD-11147,Apparel,Standard,74.44,0.3,397,5,5.7,1.13,1.67,24.4
ORD-11148,Toys & Games,Express,73.27,3.1,399,6,3.4,0.79,1.16,9.5
ORD-11149,Health & Beauty,Standard,43.5,0.6,575,1,11.5,1.2,1.75,41.7
ORD-11150,Electronics,Same Day,767.57,1.5,43,2,1.5,0.86,1.24,3.0
ORD-11151,Sports & Outdoors,Economy,131.88,2.8,476,3,20.0,1.27,1.83,64.3
ORD-11152,Home & Kitchen,Standard,293.83,2.1,842,4,8.1,0.93,1.32,33.9
ORD-11153,Office Supplies,Express,76.66,3.3,134,5,4.7,1.34,1.91,10.4
ORD-11154,Books,Economy,52.35,1.9,785,6,15.0,1.0,1.4,59.0
ORD-11155,Apparel,Standard,58.68,0.3,1109,1,4.7,1.41,0.89,39.5
ORD-11156,Toys & Games,Express,39.11,0.8,347,2,2.2,1.07,1.48,11.4
ORD-11157,Health & Beauty,Economy,101.54,0.8,1094,3,10.0,0.73,0.97,41.0
ORD-11158,Electronics,Standard,793.13,3.1,326,4,13.4,1.14,1.56,27.9
ORD-11159,Sports & Outdoors,Express,75.4,8.0,560,5,3.8,0.8,1.05,11.6
ORD-11160,Home & Kitchen,Standard,141.71,9.5,504,6,7.1,1.21,1.64,32.1
ORD-11161,Office Supplies,Standard,53.98,3.3,593,1,10.0,0.87,1.13,24.6
ORD-11162,Books,Express,74.71,2.3,153,2,5.4,1.28,1.72,11.0
ORD-11163,Apparel,Standard,42.92,0.3,771,3,15.8,0.94,1.21,37.7
ORD-11164,Toys & Games,Standard,115.95,2.0,860,4,6.6,1.35,1.8,58.8
ORD-11165,Health & Beauty,Express,64.58,1.0,366,5,2.9,1.01,1.29,10.8
ORD-11166,Electronics,Standard,819.69,4.7,1038,6,12.4,1.42,1.88,81.7
ORD-11167,Sports & Outdoors,Standard,259.92,4.2,77,1,15.3,1.08,1.37,18.1
ORD-11168,Home & Kitchen,Express,309.59,5.9,579,2,4.5,0.74,0.86,10.6
ORD-11169,Office Supplies,Standard,30.3,3.3,255,3,9.0,1.15,1.45,19.6
ORD-11170,Books,Same Day,31.07,2.7,15,4,1.9,0.81,0.94,2.3
ORD-11171,Apparel,Economy,206.16,0.3,1236,5,13.5,1.22,1.53,105.8
ORD-11172,Toys & Games,Standard,81.79,3.2,522,6,5.6,0.88,1.02,17.3
ORD-11173,Health & Beauty,Express,27.62,1.2,314,1,1.7,1.29,1.61,12.6
ORD-11174,Electronics,Economy,845.25,6.3,245,2,8.5,0.95,1.1,18.7
ORD-11175,Sports & Outdoors,Standard,203.44,9.4,789,3,14.3,1.36,1.69,59.6
ORD-11176,Home & Kitchen,Express,157.47,2.3,527,4,3.3,1.02,1.18,13.9
ORD-11177,Office Supplies,Economy,92.62,3.3,554,5,19.6,1.43,1.77,75.7
ORD-11178,Books,Standard,53.43,0.6,1056,6,10.9,1.09,1.26,47.2
ORD-11179,Apparel,Express,190.4,0.3,120,1,4.9,0.75,1.85,7.7
ORD-11180,Toys & Games,Standard,47.63,0.9,184,2,4.6,1.16,1.34,11.8
ORD-11181,Health & Beauty,Standard,85.66,1.4,273,3,7.5,0.82,1.93,18.3
ORD-11182,Electronics,Express,121.81,1.9,333,4,2.4,1.23,1.42,12.1
ORD-11183,Sports & Outdoors,Standard,147.96,5.6,451,5,13.3,0.89,0.91,22.4
ORD-11184,Home & Kitchen,Standard,325.35,9.7,540,6,4.1,1.3,1.5,30.4
ORD-11185,Office Supplies,Express,69.94,3.3,546,1,4.0,0.96,0.99,12.6
ORD-11186,Books,Standard,75.79,1.0,718,2,9.9,1.37,1.58,48.8
ORD-11187,Apparel,Standard,174.64,0.3,807,3,12.8,1.03,1.07,35.0
ORD-11188,Toys & Games,Express,123.47,2.1,139,4,1.5,1.44,1.66,7.0
ORD-11189,Health & Beauty,Standard,48.7,1.6,985,5,6.5,1.1,1.15,37.7
ORD-11190,Electronics,Same Day,147.37,3.5,35,6,2.3,0.76,1.74,3.8
ORD-11191,Sports & Outdoors,Economy,91.48,1.8,696,1,23.1,1.17,1.23,63.2
ORD-11192,Home & Kitchen,Standard,173.23,6.1,202,2,15.2,0.83,1.82,22.8
ORD-11193,Office Supplies,Express,46.26,3.3,494,3,2.8,1.24,1.31,16.2
ORD-11194,Books,Economy,32.15,1.4,1005,4,18.1,0.9,1.9,86.8
ORD-11195,Apparel,Standard,158.88,0.3,469,5,11.8,1.31,1.39,33.2
ORD-11196,Toys & Games,Express,89.31,3.3,87,6,4.4,0.97,0.88,5.6
ORD-11197,Health & Beauty,Economy,106.74,1.8,1314,1,13.1,1.38,1.47,119.7
ORD-11198,Electronics,Standard,173.93,5.1,736,2,8.4,1.04,0.96,26.8
ORD-11199,Sports & Outdoors,Express,35.0,7.0,300,3,1.9,0.7,1.55,7.3
ORD-11200,Home & Kitchen,Standard,341.11,2.5,914,4,14.2,1.11,1.04,40.6
ORD-11201,Office Supplies,Standard,23.58,3.3,1003,5,5.0,0.77,1.63,36.5
ORD-11202,Books,Express,54.51,1.8,513,6,3.5,1.18,1.12,14.8
ORD-11203,Apparel,Standard,142.12,0.3,131,1,10.8,0.84,1.71,15.5
ORD-11204,Toys & Games,Standard,55.15,1.0,220,2,13.7,1.25,1.2,22.0
ORD-11205,Health & Beauty,Express,69.78,0.2,106,3,5.1,0.91,1.79,8.0
ORD-11206,Electronics,Standard,199.49,6.7,398,4,7.4,1.32,1.28,24.2
ORD-11207,Sports & Outdoors,Standard,219.52,3.2,487,5,10.3,0.98,1.87,32.6
ORD-11208,Home & Kitchen,Express,189.99,9.9,319,6,2.6,1.39,1.36,12.7
ORD-11209,Office Supplies,Standard,85.9,3.3,665,1,4.0,1.05,0.85,18.8
ORD-11210,Books,Same Day,76.87,2.2,55,2,0.9,0.71,1.44,2.8
ORD-11211,Apparel,Economy,126.36,0.3,156,3,16.6,1.12,0.93,23.1
ORD-11212,Toys & Games,Standard,21.99,2.2,932,4,12.7,0.78,1.52,40.3
ORD-11213,Health & Beauty,Express,32.82,0.4,54,5,3.9,1.19,1.01,5.0
ORD-11214,Electronics,Economy,225.05,2.3,465,6,11.6,0.85,1.6,36.9
ORD-11215,Sports & Outdoors,Standard,163.04,8.4,149,1,9.3,1.26,1.09,14.4
ORD-11216,Home & Kitchen,Express,357.87,6.3,267,2,5.5,0.92,1.68,12.4
ORD-11217,Office Supplies,Economy,62.22,3.3,774,3,22.7,1.33,1.17,70.9
ORD-11218,Books,Standard,33.23,2.6,416,4,5.9,0.99,1.76,24.0
ORD-11219,Apparel,Express,110.6,0.3,480,5,3.0,1.4,1.25,17.0
ORD-11220,Toys & Games,Standard,97.83,3.4,594,6,11.7,1.06,1.84,40.7
ORD-11221,Health & Beauty,Standard,90.86,0.6,683,1,14.6,0.72,1.33,31.0
ORD-11222,Electronics,Express,251.61,3.9,73,2,4.6,1.13,1.92,7.2
ORD-11223,Sports & Outdoors,Standard,107.56,4.6,861,3,8.3,0.79,1.41,32.3
ORD-11224,Home & Kitchen,Standard,205.75,2.7,950,4,11.2,1.2,0.9,36.9
ORD-11225,Office Supplies,Express,39.54,3.3,286,5,2.1,0.86,1.49,8.2
ORD-11226,Books,Standard,55.59,0.5,78,6,4.9,1.27,0.98,7.3
ORD-11227,Apparel,Standard,94.84,0.3,167,1,7.8,0.93,1.57,13.9
ORD-11228,Toys & Games,Express,63.67,1.1,499,2,3.7,1.34,1.06,15.5
ORD-11229,Health & Beauty,Standard,53.9,0.8,345,3,13.6,1.0,1.65,27.8
ORD-11230,Electronics,Same Day,277.17,5.5,27,4,1.3,1.41,1.14,2.7
ORD-11231,Sports & Outdoors,Economy,51.08,9.8,916,5,10.1,1.07,1.73,77.9
ORD-11232,Home & Kitchen,Standard,53.63,10.1,612,6,10.2,0.73,1.22,23.8
ORD-11233,Office Supplies,Express,16.86,3.3,234,1,5.0,1.14,1.81,13.0
ORD-11234,Books,Economy,12.95,0.9,1225,2,21.2,0.8,1.3,72.2
ORD-11235,Apparel,Standard,78.08,0.3,879,3,6.8,1.21,1.89,57.1
ORD-11236,Toys & Games,Express,29.51,2.3,447,4,2.5,0.87,1.38,11.4
ORD-11237,Health & Beauty,Economy,111.94,1.0,234,5,16.2,1.28,0.87,26.6
ORD-11238,Electronics,Standard,303.73,1.1,96,6,15.5,0.94,1.46,18.8
ORD-11239,Sports & Outdoors,Express,235.6,6.0,40,1,4.1,1.35,0.95,5.0
ORD-11240,Home & Kitchen,Standard,221.51,6.5,274,2,9.2,1.01,1.54,19.9
ORD-11241,Office Supplies,Standard,78.18,3.3,363,3,12.1,1.42,1.03,25.4
ORD-11242,Books,Express,34.31,1.3,253,4,1.6,1.08,1.62,9.0
ORD-11243,Apparel,Standard,62.32,0.3,541,5,5.8,0.74,1.11,16.9
ORD-11244,Toys & Games,Standard,105.35,3.5,630,6,8.7,1.15,1.7,39.5
ORD-11245,Health & Beauty,Express,74.98,1.2,466,1,3.2,0.81,1.19,10.7
ORD-11246,Electronics,Standard,329.29,2.7,808,2,14.5,1.22,1.78,58.4
ORD-11247,Sports & Outdoors,Standard,179.12,2.2,897,3,5.3,0.88,1.27,30.4
ORD-11248,Home & Kitchen,Express,69.39,2.9,59,4,4.8,1.29,1.86,7.2
ORD-11249,Office Supplies,Standard,55.5,3.3,1075,5,11.1,0.95,1.35,45.6
ORD-11250,Books,Same Day,56.67,1.7,47,6,1.7,1.36,1.94,5.8
ORD-11251,Apparel,Economy,46.56,0.3,376,1,19.7,1.02,1.43,41.6
ORD-11252,Toys & Games,Standard,71.19,1.2,292,2,7.7,1.43,0.92,17.3
ORD-11253,Health & Beauty,Express,37.02,1.4,414,3,2.0,1.09,1.51,13.4
ORD-11254,Electronics,Economy,355.85,4.3,685,4,14.7,0.75,1.0,35.3
ORD-11255,Sports & Outdoors,Standard,123.64,7.4,559,5,4.3,1.16,1.59,30.1
ORD-11256,Home & Kitchen,Express,237.27,10.3,627,6,3.6,0.82,1.08,12.9
ORD-11257,Office Supplies,Economy,32.82,3.3,994,1,9.7,1.23,1.67,91.4
ORD-11258,Books,Standard,13.03,2.1,826,2,13.0,0.89,1.16,34.3
ORD-11259,Apparel,Express,30.8,0.3,220,3,5.2,1.3,1.75,13.5
ORD-11260,Toys & Games,Standard,37.03,2.4,1004,4,6.7,0.96,1.24,36.6
ORD-11261,Health & Beauty,Standard,95.06,1.6,1093,5,9.6,1.37,1.83,78.1
ORD-11262,Electronics,Express,381.41,5.9,433,6,2.7,1.03,1.32,12.5
ORD-11263,Sports & Outdoors,Standard,67.16,3.6,221,1,15.4,1.44,1.91,30.6
ORD-11264,Home & Kitchen,Standard,85.15,6.7,310,2,6.2,1.1,1.4,18.1
ORD-11265,Office Supplies,Express,94.14,3.3,646,3,4.3,0.76,0.89,11.6
ORD-11266,Books,Standard,35.39,2.5,488,4,12.0,1.17,1.48,33.1
ORD-11267,Apparel,Standard,194.04,0.3,577,5,14.9,0.83,0.97,26.5
ORD-11268,Toys & Games,Express,113.87,3.6,239,6,1.8,1.24,1.56,9.5
ORD-11269,Health & Beauty,Standard,58.1,1.8,755,1,8.6,0.9,1.05,26.4
ORD-11270,Electronics,Same Day,407.97,1.5,19,2,2.1,1.31,1.64,3.5
ORD-11271,Sports & Outdoors,Economy,251.68,8.8,1136,3,13.2,0.97,1.13,63.0
ORD-11272,Home & Kitchen,Standard,253.03,3.1,1022,4,5.2,1.38,1.72,65.8
ORD-11273,Office Supplies,Express,71.46,3.3,594,5,3.1,1.04,1.21,15.6
ORD-11274,Books,Economy,57.75,0.4,145,6,8.2,0.7,1.8,15.5
ORD-11275,Apparel,Standard,178.28,0.3,239,1,13.9,1.11,1.29,22.5
ORD-11276,Toys & Games,Express,79.71,1.3,187,2,4.7,0.77,1.88,9.2
ORD-11277,Health & Beauty,Economy,21.14,0.2,454,3,19.3,1.18,1.37,48.7
ORD-11278,Electronics,Standard,433.53,3.1,506,4,10.5,0.84,0.86,19.6
ORD-11279,Sports & Outdoors,Express,195.2,5.0,400,5,2.2,1.25,1.45,14.3
ORD-11280,Home & Kitchen,Standard,101.91,10.5,684,6,4.2,0.91,0.94,18.8
ORD-11281,Office Supplies,Standard,48.78,3.3,773,1,7.1,1.32,1.53,46.1
ORD-11282,Books,Express,14.11,0.8,613,2,3.8,0.98,1.02,14.0
ORD-11283,Apparel,Standard,162.52,0.3,951,3,12.9,1.39,1.61,66.1
ORD-11284,Toys & Games,Standard,45.55,2.5,1040,4,15.8,1.05,1.1,45.8
ORD-11285,Health & Beauty,Express,79.18,0.4,206,5,5.4,0.71,1.69,9.5
ORD-11286,Electronics,Standard,459.09,4.7,168,6,9.5,1.12,1.18,15.1
ORD-11287,Sports & Outdoors,Standard,139.72,1.2,257,1,12.4,0.78,1.77,21.3
ORD-11288,Home & Kitchen,Express,269.79,6.9,419,2,2.9,1.19,1.26,13.4
ORD-11289,Office Supplies,Standard,25.1,3.3,435,3,6.1,0.85,1.85,23.2
ORD-11290,Books,Same Day,36.47,1.2,39,4,2.5,1.26,1.34,4.7
ORD-11291,Apparel,Economy,146.76,0.3,596,5,22.8,0.92,1.93,65.1
ORD-11292,Toys & Games,Standard,121.39,3.7,702,6,14.8,1.33,1.42,47.9
ORD-11293,Health & Beauty,Express,42.22,0.6,154,1,4.2,0.99,0.91,6.5
ORD-11294,Electronics,Economy,485.65,6.3,905,2,17.8,1.4,1.5,93.8
ORD-11295,Sports & Outdoors,Standard,83.24,6.4,969,3,11.4,1.06,0.99,36.8
ORD-11296,Home & Kitchen,Express,117.67,3.3,367,4,1.7,0.72,1.58,8.7
ORD-11297,Office Supplies,Economy,87.42,3.3,1214,5,12.8,1.13,1.07,71.5
ORD-11298,Books,Standard,58.83,1.6,186,6,8.0,0.79,1.66,14.1
ORD-11299,Apparel,Express,130.0,0.3,580,1,3.3,1.2,1.15,16.6
ORD-11300,Toys & Games,Standard,87.23,1.4,364,2,13.8,0.86,1.74,27.4
ORD-11301,Health & Beauty,Standard,100.26,0.8,453,3,4.6,1.27,1.23,22.3
ORD-11302,Electronics,Express,511.21,1.9,173,4,4.9,0.93,1.82,9.8
ORD-11303,Sports & Outdoors,Standard,267.76,2.6,631,5,10.4,1.34,1.31,38.1
ORD-11304,Home & Kitchen,Standard,285.55,10.7,720,6,13.3,1.0,1.9,47.5
ORD-11305,Office Supplies,Express,64.74,3.3,386,1,2.4,1.41,1.39,15.0
ORD-11306,Books,Standard,15.19,2.0,898,2,7.0,1.07,0.88,28.1
ORD-11307,Apparel,Standard,114.24,0.3,987,3,9.9,0.73,1.47,36.4
ORD-11308,Toys & Games,Express,53.07,2.6,599,4,4.0,1.14,0.96,14.9
ORD-11309,Health & Beauty,Standard,63.3,1.0,115,5,15.7,0.8,1.55,19.3
ORD-11310,Electronics,Same Day,537.77,3.5,11,6,1.1,1.21,1.04,1.6
ORD-11311,Sports & Outdoors,Economy,211.28,7.8,1356,1,16.3,0.87,1.63,93.2
ORD-11312,Home & Kitchen,Standard,133.43,7.1,382,2,12.3,1.28,1.12,26.0
ORD-11313,Office Supplies,Express,41.06,3.3,334,3,5.3,0.94,1.71,14.2
ORD-11314,Books,Economy,37.55,2.4,365,4,11.3,1.35,1.2,35.0
ORD-11315,Apparel,Standard,98.48,0.3,649,5,8.9,1.01,1.79,38.2
ORD-11316,Toys & Games,Express,129.91,3.8,547,6,2.8,1.42,1.28,19.4
ORD-11317,Health & Beauty,Economy,26.34,1.2,674,1,22.4,1.08,1.87,76.8
ORD-11318,Electronics,Standard,563.33,5.1,916,2,5.5,0.74,1.36,28.5
ORD-11319,Sports & Outdoors,Express,155.8,4.0,140,3,4.4,1.15,0.85,6.7
ORD-11320,Home & Kitchen,Standard,301.31,3.5,1094,4,11.3,0.81,1.44,43.2
ORD-11321,Office Supplies,Standard,18.38,3.3,133,5,14.2,1.22,0.93,18.0
ORD-11322,Books,Express,59.91,2.8,353,6,1.9,0.88,1.52,9.8
ORD-11323,Apparel,Standard,82.72,0.3,311,1,7.9,1.29,1.01,18.0
ORD-11324,Toys & Games,Standard,95.75,1.5,400,2,10.8,0.95,1.6,26.0
ORD-11325,Health & Beauty,Express,84.38,1.4,566,3,3.5,1.36,1.09,17.5
ORD-11326,Electronics,Standard,589.89,6.7,578,4,4.5,1.02,1.68,29.3
ORD-11327,Sports & Outdoors,Standard,99.32,9.2,667,5,7.4,1.43,1.17,35.3
ORD-11328,Home & Kitchen,Express,149.19,10.9,159,6,5.1,1.09,1.76,10.2
ORD-11329,Office Supplies,Standard,80.7,3.3,845,1,13.2,0.75,1.25,33.0
ORD-11330,Books,Same Day,16.27,0.7,31,2,1.5,1.16,1.84,3.7
ORD-11331,Apparel,Economy,66.96,0.3,816,3,9.8,0.82,1.33,45.4
ORD-11332,Toys & Games,Standard,61.59,2.7,1112,4,9.8,1.23,1.92,75.5
ORD-11333,Health & Beauty,Express,47.42,1.6,514,5,2.3,0.89,1.41,13.1
ORD-11334,Electronics,Economy,615.45,2.3,1125,6,20.9,1.3,0.9,73.6
ORD-11335,Sports & Outdoors,Standard,43.84,5.4,329,1,6.4,0.96,1.49,18.2
ORD-11336,Home & Kitchen,Express,317.07,7.3,107,2,3.9,1.37,0.98,6.3
ORD-11337,Office Supplies,Economy,57.02,3.3,134,3,15.9,1.03,1.57,24.6
ORD-11338,Books,Standard,38.63,1.1,596,4,15.1,1.44,1.06,37.8
ORD-11339,Apparel,Express,50.2,0.3,320,5,5.5,1.1,1.65,15.2
ORD-11340,Toys & Games,Standard,27.43,3.9,774,6,8.8,0.76,1.14,25.6
ORD-11341,Health & Beauty,Standard,105.46,1.8,863,1,11.7,1.17,1.73,55.4
ORD-11342,Electronics,Express,641.01,3.9,533,2,3.0,0.83,1.22,12.0
ORD-11343,Sports & Outdoors,Standard,227.36,1.6,1041,3,5.4,1.24,1.81,63.8
ORD-11344,Home & Kitchen,Standard,165.95,3.7,80,4,8.3,0.9,1.3,10.6
ORD-11345,Office Supplies,Express,34.34,3.3,126,5,4.6,1.31,1.89,9.8
ORD-11346,Books,Standard,60.99,1.5,258,6,14.1,0.97,1.38,22.7
ORD-11347,Apparel,Standard,34.44,0.3,347,1,4.9,1.38,0.87,15.3
ORD-11348,Toys & Games,Express,103.27,1.6,339,2,2.1,1.04,1.46,10.7
ORD-11349,Health & Beauty,Standard,68.5,0.2,525,3,10.7,0.7,0.95,19.4
ORD-11350,Electronics,Same Day,667.57,5.5,51,4,1.9,1.11,1.54,4.8
ORD-11351,Sports & Outdoors,Economy,171.88,6.8,276,5,19.4,0.77,1.03,28.2
ORD-11352,Home & Kitchen,Standard,333.83,11.1,792,6,7.3,1.18,1.62,45.1
ORD-11353,Office Supplies,Express,96.66,3.3,74,1,3.4,0.84,1.11,4.5
ORD-11354,Books,Economy,17.35,1.9,585,2,14.4,1.25,1.7,64.1
ORD-11355,Apparel,Standard,198.68,0.3,1059,3,16.0,0.91,1.19,44.7
ORD-11356,Toys & Games,Express,69.11,2.8,287,4,5.0,1.32,1.78,16.2
ORD-11357,Health & Beauty,Economy,31.54,0.4,894,5,9.4,0.98,1.27,53.9
ORD-11358,Electronics,Standard,693.13,1.1,276,6,12.6,1.39,1.86,30.4
ORD-11359,Sports & Outdoors,Express,115.4,3.0,500,1,2.5,1.05,1.35,14.3
ORD-11360,Home & Kitchen,Standard,181.71,7.5,454,2,6.3,0.71,1.94,21.9
ORD-11361,Office Supplies,Standard,73.98,3.3,543,3,9.2,1.12,1.43,30.9
ORD-11362,Books,Express,39.71,2.3,93,4,4.1,0.78,0.92,5.2
ORD-11363,Apparel,Standard,182.92,0.3,721,5,15.0,1.19,1.51,47.4
ORD-11364,Toys & Games,Standard,35.95,0.5,810,6,5.8,0.85,1.0,23.0
ORD-11365,Health & Beauty,Express,89.58,0.6,306,1,1.6,1.26,1.59,11.8
ORD-11366,Electronics,Standard,719.69,2.7,988,2,11.6,0.92,1.08,36.1
ORD-11367,Sports & Outdoors,Standard,59.92,8.2,1077,3,14.5,1.33,1.67,74.3
ORD-11368,Home & Kitchen,Express,349.59,3.9,519,4,3.2,0.99,1.16,13.1
ORD-11369,Office Supplies,Standard,50.3,3.3,205,5,8.2,1.4,1.75,20.8
ORD-11370,Books,Same Day,61.07,2.7,23,6,2.3,1.06,1.24,3.3
ORD-11371,Apparel,Economy,166.16,0.3,1036,1,12.9,0.72,1.83,67.5
ORD-11372,Toys & Games,Standard,111.79,1.7,472,2,4.8,1.13,1.32,22.4
ORD-11373,Health & Beauty,Express,52.62,0.8,254,3,4.5,0.79,1.91,10.9
ORD-11374,Electronics,Economy,745.25,4.3,1345,4,24.0,1.2,1.4,114.4
ORD-11375,Sports & Outdoors,Standard,243.44,4.4,739,5,13.5,0.86,0.89,27.6
ORD-11376,Home & Kitchen,Express,197.47,11.3,467,6,2.0,1.27,1.48,16.6
ORD-11377,Office Supplies,Economy,27.62,3.3,354,1,19.0,0.93,0.97,31.8
ORD-11378,Books,Standard,18.43,0.6,1006,2,10.1,1.34,1.56,62.7
ORD-11379,Apparel,Express,150.4,0.3,60,3,3.6,1.0,1.05,4.7
ORD-11380,Toys & Games,Standard,77.63,2.9,134,4,15.9,1.41,1.64,23.6
ORD-11381,Health & Beauty,Standard,110.66,1.0,223,5,6.7,1.07,1.13,13.4
ORD-11382,Electronics,Express,771.81,5.9,273,6,5.2,0.73,1.72,10.9
ORD-11383,Sports & Outdoors,Standard,187.96,9.6,401,1,12.5,1.14,1.21,26.3
ORD-11384,Home & Kitchen,Standard,45.35,7.7,490,2,15.4,0.8,1.8,33.0
ORD-11385,Office Supplies,Express,89.94,3.3,486,3,2.7,1.21,1.29,15.3
ORD-11386,Books,Standard,40.79,1.0,668,4,9.1,0.87,1.88,36.4
ORD-11387,Apparel,Standard,134.64,0.3,757,5,12.0,1.28,1.37,45.2
ORD-11388,Toys & Games,Express,43.47,0.6,79,6,4.3,0.94,0.86,5.4
ORD-11389,Health & Beauty,Standard,73.7,1.2,935,1,5.7,1.35,1.45,51.5
ORD-11390,Electronics,Same Day,797.37,1.5,43,2,0.9,1.01,0.94,2.3
ORD-11391,Sports & Outdoors,Economy,131.48,5.8,496,3,22.5,1.42,1.53,65.6
ORD-11392,Home & Kitchen,Standard,213.23,4.1,152,4,14.4,1.08,1.02,18.6
ORD-11393,Office Supplies,Express,66.26,3.3,434,5,1.5,0.74,1.61,10.1
ORD-11394,Books,Economy,62.15,1.4,805,6,17.5,1.15,1.1,58.2
ORD-11395,Apparel,Standard,118.88,0.3,419,1,11.0,0.81,1.69,25.3
ORD-11396,Toys & Games,Express,119.31,1.8,647,2,3.1,1.22,1.18,18.6
ORD-11397,Health & Beauty,Economy,36.74,1.4,1114,3,12.5,0.88,1.77,81.9
ORD-11398,Electronics,Standard,823.93,3.1,686,4,7.6,1.29,1.26,35.5
ORD-11399,Sports & Outdoors,Express,75.0,2.0,240,5,4.7,0.95,1.85,11.7
ORD-11400,Home & Kitchen,Standard,61.11,11.5,864,6,13.4,1.36,1.34,52.8
ORD-11401,Office Supplies,Standard,43.58,3.3,953,1,4.2,1.02,1.93,51.1
ORD-11402,Books,Express,19.51,1.8,453,2,2.2,1.43,1.42,17.5
ORD-11403,Apparel,Standard,102.12,0.3,81,3,10.0,1.09,0.91,12.0
ORD-11404,Toys & Games,Standard,85.15,3.0,170,4,12.9,0.75,1.5,17.7
ORD-11405,Health & Beauty,Express,94.78,1.6,46,5,3.8,1.16,0.99,4.7
ORD-11406,Electronics,Standard,849.49,4.7,348,6,6.6,0.82,1.58,17.9
ORD-11407,Sports & Outdoors,Standard,259.52,7.2,437,1,9.5,1.23,1.07,23.9
ORD-11408,Home & Kitchen,Express,229.99,7.9,259,2,5.4,0.89,1.66,11.8
ORD-11409,Office Supplies,Standard,20.9,3.3,615,3,15.3,1.3,1.15,38.3
ORD-11410,Books,Same Day,41.87,2.2,15,4,1.3,0.96,1.74,2.1
ORD-11411,Apparel,Economy,86.36,0.3,1256,5,16.0,1.37,1.23,100.7
ORD-11412,Toys & Games,Standard,51.99,0.7,882,6,11.9,1.03,1.82,53.2
ORD-11413,Health & Beauty,Express,57.82,1.8,614,1,2.6,1.44,1.31,21.9
ORD-11414,Electronics,Economy,125.05,6.3,265,2,11.0,1.1,1.9,33.2
ORD-11415,Sports & Outdoors,Standard,203.04,3.4,99,3,8.5,0.76,1.39,11.1
ORD-11416,Home & Kitchen,Express,77.87,4.3,207,4,4.2,1.17,0.88,7.8
ORD-11417,Office Supplies,Economy,82.22,3.3,574,5,22.1,0.83,1.47,50.1
ORD-11418,Books,Standard,63.23,2.6,366,6,5.1,1.24,0.96,16.0
ORD-11419,Apparel,Express,70.6,0.3,420,1,1.7,0.9,1.55,11.5
ORD-11420,Toys & Games,Standard,127.83,1.9,544,2,10.9,1.31,1.04,29.4
ORD-11421,Health & Beauty,Standard,20.86,0.2,633,3,13.8,0.97,1.63,38.8
ORD-11422,Electronics,Express,151.61,1.9,633,4,3.3,1.38,1.12,19.6
ORD-11423,Sports & Outdoors,Standard,147.56,8.6,811,5,7.5,1.04,1.71,43.6
ORD-11424,Home & Kitchen,Standard,245.75,11.7,900,6,10.4,0.7,1.2,29.3
ORD-11425,Office Supplies,Express,59.54,3.3,226,1,4.9,1.11,1.79,12.4
ORD-11426,Books,Standard,20.59,0.5,1078,2,4.1,0.77,1.28,30.7
ORD-11427,Apparel,Standard,54.84,0.3,117,3,7.0,1.18,1.87,13.5
ORD-11428,Toys & Games,Express,93.67,3.1,439,4,2.4,0.84,1.36,10.8
ORD-11429,Health & Beauty,Standard,78.9,0.4,295,5,12.8,1.25,0.85,20.6
ORD-11430,Electronics,Same Day,177.17,3.5,35,6,1.7,0.91,1.44,3.2
ORD-11431,Sports & Outdoors,Economy,91.08,4.8,716,1,9.5,1.32,0.93,44.7
ORD-11432,Home & Kitchen,Standard,93.63,8.1,562,2,9.4,0.98,1.52,30.3
ORD-11433,Office Supplies,Express,36.86,3.3,174,3,3.7,1.39,1.01,7.8
ORD-11434,Books,Economy,42.95,0.9,1025,4,20.6,1.05,1.6,89.5
ORD-11435,Apparel,Standard,38.08,0.3,829,5,6.0,0.71,1.09,22.0
ORD-11436,Toys & Games,Express,59.51,0.8,387,6,5.3,1.12,1.68,17.4
ORD-11437,Health & Beauty,Economy,41.94,0.6,1334,1,15.6,0.78,1.17,64.3
ORD-11438,Electronics,Standard,203.73,5.1,1096,2,14.7,1.19,1.76,72.1
ORD-11439,Sports & Outdoors,Express,35.6,1.0,600,3,2.8,0.85,1.25,13.4
ORD-11440,Home & Kitchen,Standard,261.51,4.5,224,4,8.4,1.26,1.84,21.4
ORD-11441,Office Supplies,Standard,98.18,3.3,313,5,11.3,0.92,1.33,20.9
ORD-11442,Books,Express,64.31,1.3,193,6,4.4,1.33,1.92,12.6
ORD-11443,Apparel,Standard,202.32,0.3,491,1,5.0,0.99,1.41,22.1
ORD-11444,Toys & Games,Standard,25.35,2.0,580,2,7.9,1.4,0.9,26.2
ORD-11445,Health & Beauty,Express,99.98,0.8,406,3,1.9,1.06,1.49,12.6
ORD-11446,Electronics,Standard,229.29,6.7,758,4,13.7,0.72,0.98,27.1
ORD-11447,Sports & Outdoors,Standard,219.12,6.2,847,5,4.5,1.13,1.57,42.1
ORD-11448,Home & Kitchen,Express,109.39,11.9,619,6,3.5,0.79,1.06,12.1
ORD-11449,Office Supplies,Standard,75.5,3.3,1025,1,10.3,1.2,1.65,61.0
ORD-11450,Books,Same Day,21.67,1.7,55,2,2.1,0.86,1.14,3.9
ORD-11451,Apparel,Economy,186.56,0.3,176,3,19.1,1.27,1.73,34.6
ORD-11452,Toys & Games,Standard,101.19,3.2,242,4,6.9,0.93,1.22,13.8
ORD-11453,Health & Beauty,Express,62.02,1.0,354,5,4.8,1.34,1.81,19.1
ORD-11454,Electronics,Economy,255.85,2.3,485,6,14.1,1.0,1.3,39.3
ORD-11455,Sports & Outdoors,Standard,163.64,2.4,509,1,15.6,1.41,1.89,49.5
ORD-11456,Home & Kitchen,Express,277.27,8.3,567,2,2.3,1.07,1.38,16.3
ORD-11457,Office Supplies,Economy,52.82,3.3,794,3,9.1,0.73,0.87,29.3
ORD-11458,Books,Standard,43.03,2.1,776,4,12.2,1.14,1.46,44.5
ORD-11459,Apparel,Express,170.8,0.3,160,5,3.9,0.8,0.95,5.9
ORD-11460,Toys & Games,Standard,67.03,0.9,954,6,5.9,1.21,1.54,50.3
ORD-11461,Health & Beauty,Standard,25.06,1.2,1043,1,8.8,0.87,1.03,32.2
ORD-11462,Electronics,Express,281.41,3.9,373,2,5.5,1.28,1.62,18.4
ORD-11463,Sports & Outdoors,Standard,107.16,7.6,171,3,14.6,0.94,1.11,19.1
ORD-11464,Home & Kitchen,Standard,125.15,4.7,260,4,5.4,1.35,1.7,20.3
ORD-11465,Office Supplies,Express,29.14,3.3,586,5,3.0,1.01,1.19,14.7
ORD-11466,Books,Standard,65.39,2.5,438,6,11.2,1.42,1.78,38.9
ORD-11467,Apparel,Standard,154.04,0.3,527,1,14.1,1.08,1.27,32.2
ORD-11468,Toys & Games,Express,33.87,2.1,179,2,4.6,0.74,1.86,8.7
ORD-11469,Health & Beauty,Standard,83.1,1.4,705,3,7.8,1.15,1.35,35.2
ORD-11470,Electronics,Same Day,307.97,5.5,27,4,2.5,0.81,1.94,3.9
ORD-11471,Sports & Outdoors,Economy,51.68,3.8,936,5,12.6,1.22,1.43,77.9
ORD-11472,Home & Kitchen,Standard,293.03,12.1,972,6,4.4,0.88,0.92,24.1
ORD-11473,Office Supplies,Express,91.46,3.3,534,1,1.8,1.29,1.51,19.1
ORD-11474,Books,Economy,22.75,0.4,1245,2,23.7,0.95,1.0,71.0
ORD-11475,Apparel,Standard,138.28,0.3,189,3,13.1,1.36,1.59,23.3
ORD-11476,Toys & Games,Express,109.71,3.3,127,4,3.4,1.02,1.08,5.7
ORD-11477,Health & Beauty,Economy,46.14,1.6,254,5,18.7,1.43,1.67,43.0
ORD-11478,Electronics,Standard,333.53,1.1,456,6,9.7,1.09,1.16,24.1
ORD-11479,Sports & Outdoors,Express,235.2,9.0,340,1,5.0,0.75,1.75,12.4
ORD-11480,Home & Kitchen,Standard,141.91,8.5,634,2,15.5,1.16,1.24,38.3
ORD-11481,Office Supplies,Standard,68.78,3.3,723,3,6.3,0.82,1.83,33.4
ORD-11482,Books,Express,44.11,0.8,553,4,2.5,1.23,1.32,17.5
ORD-11483,Apparel,Standard,122.52,0.3,901,5,12.1,0.89,1.91,50.4
ORD-11484,Toys & Games,Standard,75.55,1.0,990,6,15.0,1.3,1.4,60.0
ORD-11485,Health & Beauty,Express,104.18,1.8,146,1,4.1,0.96,0.89,6.2
ORD-11486,Electronics,Standard,359.09,2.7,118,2,8.7,1.37,1.48,14.7
ORD-11487,Sports & Outdoors,Standard,179.72,5.2,207,3,11.6,1.03,0.97,16.8
ORD-11488,Home & Kitchen,Express,309.79,4.9,359,4,1.6,1.44,1.56,15.0
ORD-11489,Office Supplies,Standard,45.1,3.3,385,5,5.3,1.1,1.05,16.4
ORD-11490,Books,Same Day,66.47,1.2,47,6,1.1,0.76,1.64,3.1
ORD-11491,Apparel,Economy,106.76,0.3,396,1,22.2,1.17,1.13,43.1
ORD-11492,Toys & Games,Standard,41.39,2.2,652,2,14.0,0.83,1.72,37.3
ORD-11493,Health & Beauty,Express,67.22,0.2,94,3,2.9,1.24,1.21,5.3
ORD-11494,Electronics,Economy,385.65,4.3,705,4,17.2,0.9,1.8,62.9
ORD-11495,Sports & Outdoors,Standard,123.24,1.4,919,5,10.6,1.31,1.29,49.4
ORD-11496,Home & Kitchen,Express,157.67,1.3,307,6,4.5,0.97,1.88,13.8
ORD-11497,Office Supplies,Economy,22.42,3.3,1014,1,12.2,1.38,1.37,88.9
ORD-11498,Books,Standard,23.83,1.6,136,2,7.2,1.04,0.86,10.2
ORD-11499,Apparel,Express,90.0,0.3,520,3,2.0,0.7,1.45,10.8
ORD-11500,Toys & Games,Standard,117.23,3.4,314,4,13.0,1.11,0.94,21.2
ORD-11501,Health & Beauty,Standard,30.26,0.4,403,5,15.9,0.77,1.53,27.8
ORD-11502,Electronics,Express,411.21,5.9,113,6,3.6,1.18,1.02,5.9
ORD-11503,Sports & Outdoors,Standard,67.76,6.6,581,1,9.6,0.84,1.61,29.2
ORD-11504,Home & Kitchen,Standard,325.55,8.7,670,2,12.5,1.25,1.1,35.5
ORD-11505,Office Supplies,Express,84.74,3.3,326,3,5.2,0.91,1.69,13.6
ORD-11506,Books,Standard,45.19,2.0,848,4,6.2,1.32,1.18,39.2
ORD-11507,Apparel,Standard,74.24,0.3,937,5,9.1,0.98,1.77,49.7
ORD-11508,Toys & Games,Express,83.07,1.1,539,6,2.7,1.39,1.26,18.4
ORD-11509,Health & Beauty,Standard,88.3,0.6,1115,1,14.9,1.05,1.85,69.0
ORD-11510,Electronics,Same Day,437.77,1.5,19,2,1.5,0.71,1.34,2.1
ORD-11511,Sports & Outdoors,Economy,251.28,2.8,1156,3,15.7,1.12,1.93,115.7
ORD-11512,Home & Kitchen,Standard,173.43,5.1,332,4,11.5,0.78,1.42,20.7
ORD-11513,Office Supplies,Express,61.06,3.3,274,5,4.0,1.19,0.91,8.9
ORD-11514,Books,Economy,67.55,2.4,165,6,10.7,0.85,1.5,19.1
ORD-11515,Apparel,Standard,58.48,0.3,599,1,8.1,1.26,0.99,26.8
ORD-11516,Toys & Games,Express,49.91,2.3,487,2,1.5,0.92,1.58,13.3
ORD-11517,Health & Beauty,Economy,51.34,0.8,474,3,21.8,1.33,1.07,48.8
ORD-11518,Electronics,Standard,463.33,3.1,866,4,4.7,0.99,1.66,40.3
ORD-11519,Sports & Outdoors,Express,195.8,8.0,80,5,3.1,1.4,1.15,5.2
ORD-11520,Home & Kitchen,Standard,341.31,1.5,1044,6,10.5,1.06,1.74,58.6
ORD-11521,Office Supplies,Standard,38.38,3.3,83,1,13.4,0.72,1.23,15.2
ORD-11522,Books,Express,24.91,2.8,293,2,4.7,1.13,1.82,14.7
ORD-11523,Apparel,Standard,42.72,0.3,261,3,7.1,0.79,1.31,13.9
ORD-11524,Toys & Games,Standard,125.75,3.5,350,4,10.0,1.2,1.9,30.0
ORD-11525,Health & Beauty,Express,109.38,1.0,506,5,2.2,0.86,1.39,12.3
ORD-11526,Electronics,Standard,489.89,4.7,528,6,15.8,1.27,0.88,30.6
ORD-11527,Sports & Outdoors,Standard,139.32,4.2,617,1,6.6,0.93,1.47,27.7
ORD-11528,Home & Kitchen,Express,189.19,8.9,99,2,3.8,1.34,0.96,5.9
ORD-11529,Office Supplies,Standard,15.7,3.3,795,3,12.4,1.0,1.55,43.2
ORD-11530,Books,Same Day,46.27,0.7,39,4,1.9,1.41,1.04,3.8
ORD-11531,Apparel,Economy,206.96,0.3,616,5,9.2,1.07,1.63,52.2
ORD-11532,Toys & Games,Standard,91.59,1.2,1062,6,9.0,0.73,1.12,30.7
ORD-11533,Health & Beauty,Express,72.42,1.2,454,1,5.1,1.14,1.71,19.9
ORD-11534,Electronics,Economy,515.45,6.3,925,2,20.3,0.8,1.2,55.8
ORD-11535,Sports & Outdoors,Standard,83.84,9.4,279,3,5.6,1.21,1.79,20.7
ORD-11536,Home & Kitchen,Express,357.07,5.3,47,4,2.6,0.87,1.28,3.5
ORD-11537,Office Supplies,Economy,77.02,3.3,1234,5,15.3,1.28,1.87,133.4
ORD-11538,Books,Standard,68.63,1.1,546,6,14.3,0.94,1.36,31.8
ORD-11539,Apparel,Express,190.2,0.3,260,1,4.2,1.35,0.85,9.2
ORD-11540,Toys & Games,Standard,57.43,2.4,724,2,8.0,1.01,1.44,34.3
ORD-11541,Health & Beauty,Standard,35.46,1.4,813,3,10.9,1.42,0.93,37.7
ORD-11542,Electronics,Express,541.01,1.9,473,4,1.7,1.08,1.52,14.6
ORD-11543,Sports & Outdoors,Standard,267.36,5.6,991,5,4.6,0.74,1.01,23.1
ORD-11544,Home & Kitchen,Standard,205.95,1.7,1080,6,7.5,1.15,1.6,57.2
ORD-11545,Office Supplies,Express,54.34,3.3,66,1,3.3,0.81,1.09,4.3
ORD-11546,Books,Standard,25.99,1.5,208,2,13.3,1.22,1.68,24.0
ORD-11547,Apparel,Standard,174.44,0.3,297,3,4.1,0.88,1.17,11.7
ORD-11548,Toys & Games,Express,23.27,3.6,279,4,4.9,1.29,1.76,15.5
ORD-11549,Health & Beauty,Standard,93.5,1.6,475,5,9.9,0.95,1.25,24.0
ORD-11550,Electronics,Same Day,567.57,3.5,11,6,2.3,1.36,1.84,3.2
ORD-11551,Sports & Outdoors,Economy,211.88,1.8,1376,1,18.8,1.02,1.33,93.5
ORD-11552,Home & Kitchen,Standard,53.83,9.1,742,2,6.5,1.43,1.92,57.4
ORD-11553,Office Supplies,Express,31.66,3.3,634,3,2.1,1.09,1.41,18.3
ORD-11554,Books,Economy,47.35,1.9,385,4,13.8,0.75,0.9,24.2
ORD-11555,Apparel,Standard,158.68,0.3,1009,5,15.2,1.16,1.49,58.8
ORD-11556,Toys & Games,Express,99.11,1.3,227,6,3.7,0.82,0.98,6.7
ORD-11557,Health & Beauty,Economy,56.54,1.8,694,1,8.8,1.23,1.57,62.4
ORD-11558,Electronics,Standard,593.13,5.1,226,2,11.8,0.89,1.06,17.1
ORD-11559,Sports & Outdoors,Express,155.4,7.0,440,3,5.3,1.3,1.65,21.0
ORD-11560,Home & Kitchen,Standard,221.71,5.5,404,4,5.5,0.96,1.14,16.6
ORD-11561,Office Supplies,Standard,93.98,3.3,493,5,8.4,1.37,1.73,37.6
ORD-11562,Books,Express,69.71,2.3,653,6,2.8,1.03,1.22,16.5
ORD-11563,Apparel,Standard,142.92,0.3,671,1,14.2,1.44,1.81,57.9
ORD-11564,Toys & Games,Standard,65.95,2.5,760,2,5.0,1.1,1.3,32.2
ORD-11565,Health & Beauty,Express,19.58,0.2,246,3,4.4,0.76,1.89,10.3
ORD-11566,Electronics,Standard,619.69,6.7,938,4,10.8,1.17,1.38,48.7
ORD-11567,Sports & Outdoors,Standard,99.92,3.2,1027,5,13.7,0.83,0.87,32.2
ORD-11568,Home & Kitchen,Express,69.59,1.9,459,6,1.9,1.24,1.46,15.7
ORD-11569,Office Supplies,Standard,70.3,3.3,155,1,7.4,0.9,0.95,10.7
ORD-11570,Books,Same Day,26.07,2.7,31,2,0.9,1.31,1.54,3.0
ORD-11571,Apparel,Economy,126.16,0.3,836,3,12.3,0.97,1.03,45.7
ORD-11572,Toys & Games,Standard,31.79,3.7,422,4,4.0,1.38,1.62,27.6
ORD-11573,Health & Beauty,Express,77.62,0.4,194,5,3.2,1.04,1.11,6.9
ORD-11574,Electronics,Economy,645.25,2.3,1145,6,23.4,0.7,1.7,77.9
ORD-11575,Sports & Outdoors,Standard,43.44,8.4,689,1,12.7,1.11,1.19,35.5
ORD-11576,Home & Kitchen,Express,237.47,9.3,407,2,4.8,0.77,1.78,14.1
ORD-11577,Office Supplies,Economy,47.62,3.3,154,3,18.4,1.18,1.27,27.6
ORD-11578,Books,Standard,48.43,0.6,956,4,9.3,0.84,1.86,46.6
ORD-11579,Apparel,Express,110.4,0.3,620,5,2.3,1.25,1.35,19.7
ORD-11580,Toys & Games,Standard,107.63,1.4,84,6,15.1,0.91,1.94,18.8
ORD-11581,Health & Beauty,Standard,40.66,0.6,173,1,5.9,1.32,1.43,14.1
ORD-11582,Electronics,Express,671.81,3.9,213,2,3.9,0.98,0.92,7.1
ORD-11583,Sports & Outdoors,Standard,227.96,4.6,351,3,11.7,1.39,1.51,30.1
ORD-11584,Home & Kitchen,Standard,85.35,5.7,440,4,14.6,1.05,1.0,26.2
ORD-11585,Office Supplies,Express,24.94,3.3,426,5,5.5,0.71,1.59,13.5
ORD-11586,Books,Standard,70.79,1.0,618,6,8.3,1.12,1.08,27.0
ORD-11587,Apparel,Standard,94.64,0.3,707,1,11.2,0.78,1.67,34.2
ORD-11588,Toys & Games,Express,73.47,2.6,639,2,3.0,1.19,1.16,17.7
ORD-11589,Health & Beauty,Standard,98.7,0.8,885,3,4.9,0.85,1.75,37.8
ORD-11590,Electronics,Same Day,697.37,5.5,51,4,1.3,1.26,1.24,4.0
ORD-11591,Sports & Outdoors,Economy,171.48,9.8,296,5,21.9,0.92,1.83,41.8
ORD-11592,Home & Kitchen,Standard,253.23,2.1,102,6,13.6,1.33,1.32,18.1
ORD-11593,Office Supplies,Express,86.26,3.3,374,1,4.3,0.99,1.91,16.1
ORD-11594,Books,Economy,27.15,1.4,605,2,16.9,1.4,1.4,64.3
ORD-11595,Apparel,Standard,78.88,0.3,369,3,10.2,1.06,0.89,18.9
ORD-11596,Toys & Games,Express,39.31,3.8,587,4,1.8,0.72,1.48,12.2
ORD-11597,Health & Beauty,Economy,61.74,1.0,914,5,11.9,1.13,0.97,52.0
ORD-11598,Electronics,Standard,723.93,1.1,636,6,6.8,0.79,1.56,26.4
ORD-11599,Sports & Outdoors,Express,115.0,6.0,180,1,3.4,1.2,1.05,7.2
ORD-11600,Home & Kitchen,Standard,101.11,9.5,814,2,12.6,0.86,1.64,41.3
ORD-11601,Office Supplies,Standard,63.58,3.3,903,3,15.5,1.27,1.13,47.9
ORD-11602,Books,Express,49.51,1.8,393,4,5.0,0.93,1.72,15.5
ORD-11603,Apparel,Standard,62.12,0.3,1081,5,9.2,1.34,1.21,53.0
ORD-11604,Toys & Games,Standard,115.15,1.5,120,6,12.1,1.0,1.8,17.5
ORD-11605,Health & Beauty,Express,24.78,1.2,606,1,2.5,1.41,1.29,20.9
ORD-11606,Electronics,Standard,749.49,2.7,298,2,5.8,1.07,1.88,20.8
ORD-11607,Sports & Outdoors,Standard,59.52,2.2,387,3,8.7,0.73,1.37,18.4
ORD-11608,Home & Kitchen,Express,269.99,5.9,199,4,4.1,1.14,0.86,7.4
ORD-11609,Office Supplies,Standard,40.9,3.3,565,5,14.5,0.8,1.45,30.9
ORD-11610,Books,Same Day,71.87,2.2,23,6,1.7,1.21,0.94,2.6
ORD-11611,Apparel,Economy,46.36,0.3,1056,1,15.4,0.87,1.53,71.6
ORD-11612,Toys & Games,Standard,81.99,2.7,832,2,11.1,1.28,1.02,38.3
ORD-11613,Health & Beauty,Express,82.82,1.4,554,3,5.4,0.94,1.61,19.4
ORD-11614,Electronics,Economy,775.05,4.3,1365,4,10.4,1.35,1.1,91.5
ORD-11615,Sports & Outdoors,Standard,243.04,7.4,1099,5,7.7,1.01,1.69,54.6
ORD-11616,Home & Kitchen,Express,117.87,2.3,147,6,2.9,1.42,1.18,7.0
ORD-11617,Office Supplies,Economy,17.22,3.3,374,1,21.5,1.08,1.77,50.1
ORD-11618,Books,Standard,28.23,2.6,316,2,4.3,0.74,1.26,11.7
ORD-11619,Apparel,Express,30.6,0.3,360,3,4.5,1.15,1.85,17.3
ORD-11620,Toys & Games,Standard,47.83,3.9,494,4,10.1,0.81,1.34,23.5
ORD-11621,Health & Beauty,Standard,45.86,1.6,583,5,13.0,1.22,1.93,47.3
ORD-11622,Electronics,Express,801.61,5.9,573,6,2.0,0.88,1.42,13.9
ORD-11623,Sports & Outdoors,Standard,187.56,3.6,761,1,6.7,1.29,0.91,29.0
ORD-11624,Home & Kitchen,Standard,285.75,9.7,850,2,9.6,0.95,1.5,39.9
ORD-11625,Office Supplies,Express,79.54,3.3,166,3,3.6,1.36,0.99,7.3
ORD-11626,Books,Standard,50.59,0.5,1028,4,15.4,1.02,1.58,56.8
ORD-11627,Apparel,Standard,194.84,0.3,1117,5,6.2,1.43,1.07,48.9
ORD-11628,Toys & Games,Express,123.67,1.6,379,6,5.2,1.09,1.66,16.6
ORD-11629,Health & Beauty,Standard,103.9,1.8,245,1,12.0,0.75,1.15,17.3
ORD-11630,Electronics,Same Day,827.17,1.5,43,2,2.1,1.16,1.74,5.0
ORD-11631,Sports & Outdoors,Economy,131.08,8.8,516,3,8.9,0.82,1.23,29.7
ORD-11632,Home & Kitchen,Standard,133.63,6.1,512,4,8.6,1.23,1.82,37.3
ORD-11633,Office Supplies,Express,56.86,3.3,114,5,2.4,0.89,1.31,4.6
ORD-11634,Books,Economy,72.95,0.9,825,6,20.0,1.3,1.9,101.5
ORD-11635,Apparel,Standard,178.08,0.3,779,1,5.2,0.96,1.39,31.2
ORD-11636,Toys & Games,Express,89.51,2.8,327,2,4.0,1.37,0.88,10.6
ORD-11637,Health & Beauty,Economy,66.94,0.2,1134,3,15.0,1.03,1.47,83.7
ORD-11638,Electronics,Standard,853.73,3.1,1046,4,13.9,1.44,0.96,50.0
ORD-11639,Sports & Outdoors,Express,75.6,5.0,540,5,1.5,1.1,1.55,16.8
ORD-11640,Home & Kitchen,Standard,301.51,2.5,174,6,7.6,0.76,1.04,11.0
ORD-11641,Office Supplies,Standard,33.18,3.3,263,1,10.5,1.17,1.63,23.0
ORD-11642,Books,Express,29.31,1.3,133,2,3.1,0.83,1.12,5.2
ORD-11643,Apparel,Standard,162.32,0.3,441,3,4.2,1.24,1.71,27.6
ORD-11644,Toys & Games,Standard,55.35,0.5,530,4,7.1,0.9,1.2,21.4
ORD-11645,Health & Beauty,Express,29.98,0.4,346,5,4.7,1.31,1.79,18.2
ORD-11646,Electronics,Standard,129.29,4.7,708,6,12.9,0.97,1.28,34.9
ORD-11647,Sports & Outdoors,Standard,259.12,1.2,797,1,15.8,1.38,1.87,67.2
ORD-11648,Home & Kitchen,Express,149.39,9.9,559,2,2.2,1.04,1.36,15.4
ORD-11649,Office Supplies,Standard,95.5,3.3,975,3,9.5,0.7,0.85,24.0
ORD-11650,Books,Same Day,51.67,1.7,15,4,2.5,1.11,1.44,3.3
ORD-11651,Apparel,Economy,146.56,0.3,1276,5,18.5,0.77,0.93,55.0
ORD-11652,Toys & Games,Standard,21.19,1.7,192,6,6.1,1.18,1.52,14.7
ORD-11653,Health & Beauty,Express,87.02,0.6,294,1,3.5,0.84,1.01,7.7
ORD-11654,Electronics,Economy,155.85,6.3,285,2,13.5,1.25,1.6,36.3
ORD-11655,Sports & Outdoors,Standard,203.64,6.4,459,3,14.8,0.91,1.09,26.2
ORD-11656,Home & Kitchen,Express,317.27,6.3,507,4,5.1,1.32,1.68,23.8
ORD-11657,Office Supplies,Economy,72.82,3.3,594,5,8.5,0.98,1.17,35.7
ORD-11658,Books,Standard,73.03,2.1,726,6,11.4,1.39,1.76,55.8
ORD-11659,Apparel,Express,130.8,0.3,100,1,2.6,1.05,1.25,4.8
ORD-11660,Toys & Games,Standard,97.03,2.9,904,2,5.1,0.71,1.84,34.6
ORD-11661,Health & Beauty,Standard,50.06,0.8,993,3,8.0,1.12,1.33,45.0
ORD-11662,Electronics,Express,181.41,1.9,313,4,4.2,0.78,1.92,12.0
ORD-11663,Sports & Outdoors,Standard,147.16,2.6,121,5,13.8,1.19,1.41,18.9
ORD-11664,Home & Kitchen,Standard,165.15,2.7,210,6,4.6,0.85,0.9,8.6
ORD-11665,Office Supplies,Express,49.14,3.3,526,1,1.7,1.26,1.49,18.2
ORD-11666,Books,Standard,30.39,2.5,388,2,10.4,0.92,0.98,19.1
ORD-11667,Apparel,Standard,114.04,0.3,477,3,13.3,1.33,1.57,38.2
ORD-11668,Toys & Games,Express,63.87,0.6,119,4,3.3,0.99,1.06,5.4
ORD-11669,Health & Beauty,Standard,108.1,1.0,655,5,7.0,1.4,1.65,44.8
ORD-11670,Electronics,Same Day,207.97,3.5,35,6,1.1,1.06,1.14,2.5
ORD-11671,Sports & Outdoors,Economy,91.68,7.8,736,1,12.0,0.72,1.73,48.7
ORD-11672,Home & Kitchen,Standard,333.03,10.1,922,2,15.7,1.13,1.22,47.5
ORD-11673,Office Supplies,Express,26.46,3.3,474,3,4.6,0.79,1.81,15.9
ORD-11674,Books,Economy,52.75,0.4,1045,4,23.1,1.2,1.3,88.3
ORD-11675,Apparel,Standard,98.28,0.3,139,5,12.3,0.86,1.89,17.9
ORD-11676,Toys & Games,Express,29.71,1.8,67,6,2.1,1.27,1.38,4.1
ORD-11677,Health & Beauty,Economy,71.14,1.2,1354,1,18.1,0.93,0.87,61.9
ORD-11678,Electronics,Standard,233.53,5.1,406,2,8.9,1.34,1.46,28.8
ORD-11679,Sports & Outdoors,Express,35.2,4.0,280,3,3.7,1.0,0.95,8.1
ORD-11680,Home & Kitchen,Standard,181.91,6.5,584,4,14.7,1.41,1.54,46.4
ORD-11681,Office Supplies,Standard,88.78,3.3,673,5,5.5,1.07,1.03,24.0
ORD-11682,Books,Express,74.11,0.8,493,6,5.3,0.73,1.62,15.0
ORD-11683,Apparel,Standard,82.52,0.3,851,1,11.3,1.14,1.11,38.2
ORD-11684,Toys & Games,Standard,105.55,3.0,940,2,14.2,0.8,1.7,46.2
ORD-11685,Health & Beauty,Express,34.18,1.4,86,3,2.8,1.21,1.19,4.9
ORD-11686,Electronics,Standard,259.09,6.7,1118,4,7.9,0.87,1.78,51.2
ORD-11687,Sports & Outdoors,Standard,219.72,9.2,157,5,10.8,1.28,1.27,17.2
ORD-11688,Home & Kitchen,Express,349.79,2.9,299,6,4.4,0.94,1.86,13.1
ORD-11689,Office Supplies,Standard,65.1,3.3,335,1,4.5,1.35,1.35,19.8
ORD-11690,Books,Same Day,31.47,1.2,55,2,1.5,1.01,1.94,5.1
ORD-11691,Apparel,Economy,66.76,0.3,196,3,21.6,1.42,1.43,37.5
ORD-11692,Toys & Games,Standard,71.39,0.7,602,4,13.2,1.08,0.92,28.2
ORD-11693,Health & Beauty,Express,92.22,1.6,654,5,1.6,0.74,1.51,13.8
ORD-11694,Electronics,Economy,285.65,2.3,505,6,16.6,1.15,1.0,39.8
ORD-11695,Sports & Outdoors,Standard,163.24,5.4,869,1,9.8,0.81,1.59,37.8
ORD-11696,Home & Kitchen,Express,197.67,10.3,247,2,3.2,1.22,1.08,8.6
ORD-11697,Office Supplies,Economy,42.42,3.3,814,3,11.6,0.88,1.67,59.5
ORD-11698,Books,Standard,53.83,1.6,86,4,6.4,1.29,1.16,9.6
ORD-11699,Apparel,Express,50.0,0.3,460,5,4.8,0.95,1.75,17.5
ORD-11700,Toys & Games,Standard,37.23,1.9,264,6,12.2,1.36,1.24,23.3
ORD-11701,Health & Beauty,Standard,55.26,1.8,353,1,15.1,1.02,1.83,31.6
ORD-11702,Electronics,Express,311.21,3.9,53,2,2.3,1.43,1.32,4.0
ORD-11703,Sports & Outdoors,Standard,107.76,1.6,531,3,8.8,1.09,1.91,36.4
ORD-11704,Home & Kitchen,Standard,45.55,6.7,620,4,11.7,0.75,1.4,28.0
ORD-11705,Office Supplies,Express,19.74,3.3,266,5,3.9,1.16,0.89,8.5
ORD-11706,Books,Standard,75.19,2.0,798,6,5.4,0.82,1.48,29.6
ORD-11707,Apparel,Standard,34.24,0.3,887,1,8.3,1.23,0.97,34.8
ORD-11708,Toys & Games,Express,113.07,3.1,479,2,5.5,0.89,1.56,16.6
ORD-11709,Health & Beauty,Standard,18.3,0.2,1065,3,14.1,1.3,1.05,50.4
ORD-11710,Electronics,Same Day,337.77,5.5,27,4,1.9,0.96,1.64,3.3
ORD-11711,Sports & Outdoors,Economy,51.28,6.8,956,5,15.1,1.37,1.13,74.3
ORD-11712,Home & Kitchen,Standard,213.43,3.1,282,6,10.7,1.03,1.72,23.2
ORD-11713,Office Supplies,Express,81.06,3.3,214,1,2.7,1.44,1.21,8.9
ORD-11714,Books,Economy,32.55,2.4,1265,2,10.1,1.1,1.8,110.3
ORD-11715,Apparel,Standard,198.48,0.3,549,3,7.3,0.76,1.29,20.8
ORD-11716,Toys & Games,Express,79.91,0.8,427,4,4.3,1.17,1.88,20.0
ORD-11717,Health & Beauty,Economy,76.34,0.4,274,5,21.2,0.83,1.37,33.7
ORD-11718,Electronics,Standard,363.33,1.1,816,6,16.0,1.24,0.86,37.8
ORD-11719,Sports & Outdoors,Express,235.8,3.0,640,1,1.8,0.9,1.45,15.7
ORD-11720,Home & Kitchen,Standard,61.31,10.5,994,2,9.7,1.31,0.94,40.3
ORD-11721,Office Supplies,Standard,58.38,3.3,1083,3,12.6,0.97,1.53,52.8
ORD-11722,Books,Express,54.91,2.8,233,4,3.4,1.38,1.02,8.9
ORD-11723,Apparel,Standard,182.72,0.3,211,5,6.3,1.04,1.61,15.1
ORD-11724,Toys & Games,Standard,45.75,2.0,300,6,9.2,0.7,1.1,15.0
ORD-11725,Health & Beauty,Express,39.38,0.6,446,1,5.0,1.11,1.69,18.9
ORD-11726,Electronics,Standard,389.89,2.7,478,2,15.0,0.77,1.18,25.9
ORD-11727,Sports & Outdoors,Standard,179.32,8.2,567,3,5.8,1.18,1.77,35.4
ORD-11728,Home & Kitchen,Express,229.19,6.9,659,4,2.5,0.84,1.26,14.1
ORD-11729,Office Supplies,Standard,35.7,3.3,745,5,11.6,1.25,1.85,54.7
ORD-11730,Books,Same Day,76.27,0.7,47,6,2.3,0.91,1.34,4.2
ORD-11731,Apparel,Economy,166.96,0.3,416,1,8.6,1.32,1.93,51.0
ORD-11732,Toys & Games,Standard,121.59,3.2,1012,2,8.2,0.98,1.42,43.4
ORD-11733,Health & Beauty,Express,97.42,0.8,394,3,3.8,1.39,0.91,12.1
ORD-11734,Electronics,Economy,415.45,4.3,725,4,19.7,1.05,1.5,65.4
ORD-11735,Sports & Outdoors,Standard,123.84,4.4,229,5,4.8,0.71,0.99,8.8
ORD-11736,Home & Kitchen,Express,77.07,3.3,607,6,5.4,1.12,1.58,23.3
ORD-11737,Office Supplies,Economy,97.02,3.3,1034,1,14.7,0.78,1.07,49.2
ORD-11738,Books,Standard,33.63,1.1,496,2,13.5,1.19,1.66,38.0
ORD-11739,Apparel,Express,150.2,0.3,200,3,2.9,0.85,1.15,6.2
ORD-11740,Toys & Games,Standard,87.43,0.9,674,4,7.2,1.26,1.74,44.1
ORD-11741,Health & Beauty,Standard,60.46,1.0,763,5,10.1,0.92,1.23,31.7
ORD-11742,Electronics,Express,441.01,5.9,413,6,4.5,1.33,1.82,21.2
ORD-11743,Sports & Outdoors,Standard,67.36,9.6,941,1,15.9,0.99,1.31,46.4
ORD-11744,Home & Kitchen,Standard,245.95,10.7,1030,2,6.7,1.4,1.9,75.2
ORD-11745,Office Supplies,Express,74.34,3.3,626,3,2.0,1.06,1.39,17.4
ORD-11746,Books,Standard,55.99,1.5,158,4,12.5,0.72,0.88,15.0
ORD-11747,Apparel,Standard,134.44,0.3,247,5,15.4,1.13,1.47,25.7
ORD-11748,Toys & Games,Express,53.27,2.1,219,6,3.6,0.79,0.96,6.4
ORD-11749,Health & Beauty,Standard,23.5,1.2,425,1,9.1,1.2,1.55,28.9
ORD-11750,Electronics,Same Day,467.57,1.5,19,2,0.9,0.86,1.04,1.5
ORD-11751,Sports & Outdoors,Economy,251.88,5.8,1176,3,18.2,1.27,1.63,115.6
ORD-11752,Home & Kitchen,Standard,93.83,7.1,692,4,5.7,0.93,1.12,23.7
ORD-11753,Office Supplies,Express,51.66,3.3,574,5,4.9,1.34,1.71,26.8
ORD-11754,Books,Economy,12.35,1.9,185,6,13.2,1.0,1.2,22.1
ORD-11755,Apparel,Standard,118.68,0.3,959,1,14.4,1.41,1.79,74.9
ORD-11756,Toys & Games,Express,129.11,3.3,167,2,2.4,1.07,1.28,6.2
ORD-11757,Health & Beauty,Economy,81.54,1.4,494,3,8.2,0.73,1.87,35.2
ORD-11758,Electronics,Standard,493.13,3.1,176,4,11.0,1.14,1.36,17.8
ORD-11759,Sports & Outdoors,Express,195.4,2.0,380,5,4.0,0.8,0.85,8.3
ORD-11760,Home & Kitchen,Standard,261.71,3.5,354,6,4.7,1.21,1.44,20.1
ORD-11761,Office Supplies,Standard,28.98,3.3,443,1,7.6,0.87,0.93,16.6
ORD-11762,Books,Express,34.71,2.3,593,2,1.5,1.28,1.52,20.7
ORD-11763,Apparel,Standard,102.92,0.3,621,3,13.4,0.94,1.01,28.1
ORD-11764,Toys & Games,Standard,95.95,1.0,710,4,4.2,1.35,1.6,42.5
ORD-11765,Health & Beauty,Express,44.58,1.6,186,5,3.1,1.01,1.09,6.5
ORD-11766,Electronics,Standard,519.69,4.7,888,6,10.0,1.42,1.68,63.0
ORD-11767,Sports & Outdoors,Standard,139.92,7.2,977,1,12.9,1.08,1.17,43.8
ORD-11768,Home & Kitchen,Express,109.59,10.9,399,2,4.7,0.74,1.76,13.4
ORD-11769,Office Supplies,Standard,90.3,3.3,105,3,6.6,1.15,1.25,10.4
ORD-11770,Books,Same Day,56.07,2.7,39,4,1.3,0.81,1.84,3.2
ORD-11771,Apparel,Economy,86.16,0.3,636,5,11.7,1.22,1.33,53.0
ORD-11772,Toys & Games,Standard,61.79,2.2,372,6,15.3,0.88,1.92,31.0
ORD-11773,Health & Beauty,Express,102.62,1.8,134,1,1.9,1.29,1.41,6.0
ORD-11774,Electronics,Economy,545.25,6.3,945,2,22.8,0.95,0.9,55.1
ORD-11775,Sports & Outdoors,Standard,83.44,3.4,639,3,11.9,1.36,1.49,44.3
ORD-11776,Home & Kitchen,Express,277.47,7.3,347,4,3.5,1.02,0.98,9.3
ORD-11777,Office Supplies,Economy,67.62,3.3,1254,5,17.8,1.43,1.57,130.4
ORD-11778,Books,Standard,13.43,0.6,906,6,8.5,1.09,1.06,34.7
ORD-11779,Apparel,Express,70.4,0.3,560,1,5.1,0.75,1.65,16.7
ORD-11780,Toys & Games,Standard,27.63,3.4,1084,2,14.3,1.16,1.14,50.1
ORD-11781,Health & Beauty,Standard,65.66,0.2,123,3,5.1,0.82,1.73,9.5
ORD-11782,Electronics,Express,571.81,1.9,153,4,2.6,1.23,1.22,6.4
ORD-11783,Sports & Outdoors,Standard,267.96,8.6,301,5,10.9,0.89,1.81,23.0
ORD-11784,Home & Kitchen,Standard,125.35,3.7,390,6,13.8,1.3,1.3,30.3
ORD-11785,Office Supplies,Express,44.94,3.3,366,1,4.2,0.96,1.89,15.3
ORD-11786,Books,Standard,35.79,1.0,568,2,7.5,1.37,1.38,34.3
ORD-11787,Apparel,Standard,54.64,0.3,657,3,10.4,1.03,0.87,25.1
ORD-11788,Toys & Games,Express,103.47,1.1,579,4,1.7,1.44,1.46,22.0
ORD-11789,Health & Beauty,Standard,28.7,0.4,835,5,4.1,1.1,0.95,25.9
ORD-11790,Electronics,Same Day,597.37,3.5,11,6,1.7,0.76,1.54,2.1
ORD-11791,Sports & Outdoors,Economy,211.48,4.8,1396,1,21.3,1.17,1.03,88.6
ORD-11792,Home & Kitchen,Standard,293.23,11.1,1102,2,12.8,0.83,1.62,49.8
ORD-11793,Office Supplies,Express,21.26,3.3,314,3,3.0,1.24,1.11,10.2
ORD-11794,Books,Economy,57.15,1.4,405,4,16.3,0.9,1.7,41.1
ORD-11795,Apparel,Standard,38.88,0.3,319,5,9.4,1.31,1.19,21.8
ORD-11796,Toys & Games,Express,69.31,2.3,527,6,4.6,0.97,1.78,19.8
ORD-11797,Health & Beauty,Economy,86.74,0.6,714,1,11.3,1.38,1.27,61.4
ORD-11798,Electronics,Standard,623.93,5.1,586,2,6.0,1.04,1.86,34.3
ORD-11799,Sports & Outdoors,Express,155.0,1.0,120,3,2.1,0.7,1.35,4.0
ORD-11800,Home & Kitchen,Standard,141.11,7.5,764,4,11.8,1.11,1.94,52.9
ORD-11801,Office Supplies,Standard,83.58,3.3,853,5,14.7,0.77,1.43,38.2
ORD-11802,Books,Express,14.51,1.8,333,6,3.7,1.18,0.92,9.7
ORD-11803,Apparel,Standard,202.12,0.3,1031,1,8.4,0.84,1.51,41.1
ORD-11804,Toys & Games,Standard,35.15,3.5,1120,2,11.3,1.25,1.0,46.3
ORD-11805,Health & Beauty,Express,49.78,0.8,546,3,5.3,0.91,1.59,18.5
ORD-11806,Electronics,Standard,649.49,6.7,248,4,5.0,1.32,1.08,13.8
ORD-11807,Sports & Outdoors,Standard,99.52,6.2,337,5,7.9,0.98,1.67,21.7
ORD-11808,Home & Kitchen,Express,309.99,3.9,139,6,2.8,1.39,1.16,6.5
ORD-11809,Office Supplies,Standard,60.9,3.3,515,1,13.7,1.05,1.75,37.4
ORD-11810,Books,Same Day,36.87,2.2,31,2,2.1,0.71,1.24,3.0
ORD-11811,Apparel,Economy,186.36,0.3,856,3,14.8,1.12,1.83,85.0
ORD-11812,Toys & Games,Standard,111.99,1.2,782,4,10.3,0.78,1.32,30.4
ORD-11813,Health & Beauty,Express,107.82,1.0,494,5,4.1,1.19,1.91,22.8
ORD-11814,Electronics,Economy,675.05,2.3,1165,6,9.8,0.85,1.4,65.3
ORD-11815,Sports & Outdoors,Standard,43.04,2.4,1049,1,6.9,1.26,0.89,36.3
ORD-11816,Home & Kitchen,Express,157.87,11.3,87,2,1.6,0.92,1.48,3.6
ORD-11817,Office Supplies,Economy,37.22,3.3,174,3,20.9,1.33,0.97,29.9
ORD-11818,Books,Standard,58.23,2.6,266,4,15.6,0.99,1.56,25.9
ORD-11819,Apparel,Express,170.6,0.3,300,5,3.2,1.4,1.05,10.6
ORD-11820,Toys & Games,Standard,77.83,2.4,444,6,9.3,1.06,1.64,28.6
ORD-11821,Health & Beauty,Standard,70.86,1.2,533,1,12.2,0.72,1.13,23.0
ORD-11822,Electronics,Express,701.61,3.9,513,2,4.8,1.13,1.72,21.4
ORD-11823,Sports & Outdoors,Standard,227.56,7.6,711,3,5.9,0.79,1.21,22.9
ORD-11824,Home & Kitchen,Standard,325.75,7.7,800,4,8.8,1.2,1.8,52.0
ORD-11825,Office Supplies,Express,99.54,3.3,106,5,2.3,0.86,1.29,4.3
ORD-11826,Books,Standard,15.59,0.5,978,6,14.6,1.27,1.88,73.0
ORD-11827,Apparel,Standard,154.84,0.3,1067,1,5.4,0.93,1.37,39.4
ORD-11828,Toys & Games,Express,43.67,3.6,319,2,3.9,1.34,0.86,10.0
ORD-11829,Health & Beauty,Standard,33.9,1.4,195,3,11.2,1.0,1.45,18.3
ORD-11830,Electronics,Same Day,727.17,5.5,51,4,2.5,1.41,0.94,4.8
ORD-11831,Sports & Outdoors,Economy,171.08,3.8,316,5,8.3,1.07,1.53,29.0
ORD-11832,Home & Kitchen,Standard,173.63,4.1,462,6,7.8,0.73,1.02,16.4
ORD-11833,Office Supplies,Express,76.86,3.3,54,1,5.2,1.14,1.61,6.9
ORD-11834,Books,Economy,37.95,0.9,625,2,19.4,0.8,1.1,41.4
ORD-11835,Apparel,Standard,138.08,0.3,729,3,4.4,1.21,1.69,41.7
ORD-11836,Toys & Games,Express,119.51,1.3,267,4,2.7,0.87,1.18,7.3
ORD-11837,Health & Beauty,Economy,91.94,1.6,934,5,14.4,1.28,1.77,99.0
ORD-11838,Electronics,Standard,753.73,1.1,996,6,13.1,0.94,1.26,42.6
ORD-11839,Sports & Outdoors,Express,115.6,9.0,480,1,4.3,1.35,1.85,24.3
ORD-11840,Home & Kitchen,Standard,341.51,11.5,124,2,6.8,1.01,1.34,11.0
ORD-11841,Office Supplies,Standard,53.18,3.3,213,3,9.7,1.42,1.93,24.3
ORD-11842,Books,Express,59.31,1.3,73,4,1.8,1.08,1.42,3.7
ORD-11843,Apparel,Standard,122.32,0.3,391,5,15.5,0.74,0.91,22.1
ORD-11844,Toys & Games,Standard,85.35,2.5,480,6,6.3,1.15,1.5,27.0
ORD-11845,Health & Beauty,Express,54.98,1.8,286,1,3.4,0.81,0.99,7.2
ORD-11846,Electronics,Standard,779.29,2.7,658,2,12.1,1.22,1.58,43.8
ORD-11847,Sports & Outdoors,Standard,59.12,5.2,747,3,15.0,0.88,1.07,32.6
ORD-11848,Home & Kitchen,Express,189.39,7.9,499,4,5.0,1.29,1.66,22.8
ORD-11849,Office Supplies,Standard,30.5,3.3,925,5,8.7,0.95,1.15,34.0
ORD-11850,Books,Same Day,16.67,1.7,23,6,1.1,1.36,1.74,2.9
ORD-11851,Apparel,Economy,106.56,0.3,1076,1,17.9,1.02,1.23,71.9
ORD-11852,Toys & Games,Standard,51.19,3.7,142,2,5.3,1.43,1.82,14.5
ORD-11853,Health & Beauty,Express,112.02,0.2,234,3,2.2,1.09,1.31,7.8
ORD-11854,Electronics,Economy,805.85,4.3,1385,4,12.9,0.75,1.9,91.8
ORD-11855,Sports & Outdoors,Standard,243.64,1.4,409,5,14.0,1.16,1.39,30.5
ORD-11856,Home & Kitchen,Express,357.27,4.3,447,6,3.8,0.82,0.88,9.2
ORD-11857,Office Supplies,Economy,92.82,3.3,394,1,24.0,1.23,1.47,52.5
ORD-11858,Books,Standard,38.03,2.1,676,2,10.6,0.89,0.96,25.0
ORD-11859,Apparel,Express,90.8,0.3,40,3,5.4,1.3,1.55,6.7
ORD-11860,Toys & Games,Standard,127.03,1.4,854,4,4.3,0.96,1.04,25.6
ORD-11861,Health & Beauty,Standard,75.06,0.4,943,5,7.2,1.37,1.63,59.8
ORD-11862,Electronics,Express,831.41,5.9,253,6,2.9,1.03,1.12,7.8
ORD-11863,Sports & Outdoors,Standard,187.16,6.6,1121,1,13.0,1.44,1.71,82.0
ORD-11864,Home & Kitchen,Standard,205.15,11.7,160,2,15.9,1.1,1.2,21.2
ORD-11865,Office Supplies,Express,69.14,3.3,466,3,4.5,0.76,1.79,15.1
ORD-11866,Books,Standard,60.39,2.5,338,4,9.6,1.17,1.28,22.3
ORD-11867,Apparel,Standard,74.04,0.3,427,5,12.5,0.83,1.87,29.1
ORD-11868,Toys & Games,Express,93.87,2.6,59,6,2.0,1.24,1.36,3.7
ORD-11869,Health & Beauty,Standard,38.1,0.6,605,1,6.2,0.9,0.85,17.8
ORD-11870,Electronics,Same Day,857.97,1.5,43,2,1.5,1.31,1.44,4.2
ORD-11871,Sports & Outdoors,Economy,131.68,2.8,536,3,11.4,0.97,0.93,30.7
ORD-11872,Home & Kitchen,Standard,53.03,8.1,872,4,14.9,1.38,1.52,60.6
ORD-11873,Office Supplies,Express,46.46,3.3,414,5,3.3,1.04,1.01,10.5
ORD-11874,Books,Economy,17.75,0.4,845,6,22.5,0.7,1.6,60.4
ORD-11875,Apparel,Standard,58.28,0.3,89,1,11.5,1.11,1.09,14.2
ORD-11876,Toys & Games,Express,59.71,3.8,627,2,4.9,0.77,1.68,18.4
ORD-11877,Health & Beauty,Economy,96.14,0.8,1154,3,17.5,1.18,1.17,81.2
ORD-11878,Electronics,Standard,133.53,3.1,356,4,8.1,0.84,1.76,21.3
ORD-11879,Sports & Outdoors,Express,75.2,8.0,220,5,2.4,1.25,1.25,8.1
ORD-11880,Home & Kitchen,Standard,221.91,4.5,534,6,13.9,0.91,1.84,36.3
ORD-11881,Office Supplies,Standard,23.78,3.3,623,1,4.7,1.32,1.33,32.0
ORD-11882,Books,Express,39.11,0.8,433,2,4.0,0.98,1.92,17.6
ORD-11883,Apparel,Standard,42.52,0.3,801,3,10.5,1.39,1.41,49.7
ORD-11884,Toys & Games,Standard,25.55,1.5,890,4,13.4,1.05,0.9,34.4
ORD-11885,Health & Beauty,Express,59.18,1.0,646,5,1.5,0.71,1.49,12.9
ORD-11886,Electronics,Standard,159.09,4.7,1068,6,7.1,1.12,0.98,36.4
ORD-11887,Sports & Outdoors,Standard,259.72,4.2,107,1,10.0,0.78,1.57,13.3
ORD-11888,Home & Kitchen,Express,69.79,11.9,239,2,3.1,1.19,1.06,8.1
ORD-11889,Office Supplies,Standard,85.1,3.3,285,3,15.8,0.85,1.65,25.8
ORD-11890,Books,Same Day,61.47,1.2,15,4,1.9,1.26,1.14,2.6
ORD-11891,Apparel,Economy,206.76,0.3,1296,5,21.0,0.92,1.73,103.5
ORD-11892,Toys & Games,Standard,101.39,2.7,552,6,12.4,1.33,1.22,34.8
ORD-11893,Health & Beauty,Express,22.22,1.2,594,1,4.4,0.99,1.81,22.1
ORD-11894,Electronics,Economy,185.65,6.3,305,2,16.0,1.4,1.3,38.2
ORD-11895,Sports & Outdoors,Standard,203.24,9.4,819,3,9.0,1.06,1.89,50.0
ORD-11896,Home & Kitchen,Express,237.67,8.3,187,4,1.9,0.72,1.38,5.0
ORD-11897,Office Supplies,Economy,62.42,3.3,614,5,11.0,1.13,0.87,35.1
ORD-11898,Books,Standard,18.83,1.6,1086,6,5.6,0.79,1.46,36.9
ORD-11899,Apparel,Express,190.0,0.3,400,1,3.5,1.2,0.95,11.1
ORD-11900,Toys & Games,Standard,67.23,3.9,214,2,11.4,0.86,1.54,18.5
ORD-11901,Health & Beauty,Standard,80.26,1.4,303,3,14.3,1.27,1.03,24.2
ORD-11902,Electronics,Express,211.21,1.9,613,4,5.1,0.93,1.62,20.5
ORD-11903,Sports & Outdoors,Standard,147.76,5.6,481,5,8.0,1.34,1.11,25.9
ORD-11904,Home & Kitchen,Standard,85.55,4.7,570,6,10.9,1.0,1.7,35.1
ORD-11905,Office Supplies,Express,39.74,3.3,206,1,2.6,1.41,1.19,8.4
ORD-11906,Books,Standard,40.19,2.0,748,2,4.6,1.07,1.78,40.2
ORD-11907,Apparel,Standard,174.24,0.3,837,3,7.5,0.73,1.27,26.9
ORD-11908,Toys & Games,Express,33.07,1.6,419,4,4.2,1.14,1.86,19.0
ORD-11909,Health & Beauty,Standard,43.3,1.6,1015,5,13.3,0.8,1.35,40.7
ORD-11910,Electronics,Same Day,237.77,3.5,35,6,2.3,1.21,1.94,5.0
ORD-11911,Sports & Outdoors,Economy,91.28,1.8,756,1,14.5,0.87,1.43,52.1
ORD-11912,Home & Kitchen,Standard,253.43,12.1,232,2,9.9,1.28,0.92,16.7
ORD-11913,Office Supplies,Express,16.06,3.3,154,3,5.5,0.94,1.51,9.1
ORD-11914,Books,Economy,62.55,2.4,1065,4,9.5,1.35,1.0,67.0
ORD-11915,Apparel,Standard,158.48,0.3,499,5,6.5,1.01,1.59,26.5
ORD-11916,Toys & Games,Express,109.91,2.8,367,6,3.0,1.42,1.08,12.4
ORD-11917,Health & Beauty,Economy,101.34,1.8,1374,1,20.6,1.08,1.67,119.7
ORD-11918,Electronics,Standard,263.33,5.1,766,2,15.2,0.74,1.16,31.6
ORD-11919,Sports & Outdoors,Express,35.8,7.0,580,3,4.6,1.15,1.75,24.1
ORD-11920,Home & Kitchen,Standard,101.31,8.5,944,4,8.9,0.81,1.24,32.6
ORD-11921,Office Supplies,Standard,78.38,3.3,1033,5,11.8,1.22,1.83,69.5
ORD-11922,Books,Express,19.91,2.8,173,6,2.1,0.88,1.32,5.4
ORD-11923,Apparel,Standard,142.72,0.3,161,1,5.5,1.29,1.91,15.4
ORD-11924,Toys & Games,Standard,75.75,0.5,250,2,8.4,0.95,1.4,16.7
ORD-11925,Health & Beauty,Express,64.38,0.2,386,3,3.7,1.36,0.89,11.5
ORD-11926,Electronics,Standard,289.89,6.7,428,4,14.2,1.02,1.48,30.4
ORD-11927,Sports & Outdoors,Standard,219.32,3.2,517,5,5.0,1.43,0.97,22.9
ORD-11928,Home & Kitchen,Express,269.19,4.9,599,6,5.3,1.09,1.56,22.3
ORD-11929,Office Supplies,Standard,55.7,3.3,695,1,10.8,0.75,1.05,24.5
ORD-11930,Books,Same Day,41.27,0.7,55,2,0.9,1.16,1.64,4.4
ORD-11931,Apparel,Economy,126.96,0.3,216,3,8.0,0.82,1.13,16.0
ORD-11932,Toys & Games,Standard,41.59,1.7,962,4,7.4,1.23,1.72,58.3
ORD-11933,Health & Beauty,Express,27.42,0.4,334,5,2.5,0.89,1.21,8.5
ORD-11934,Electronics,Economy,315.45,2.3,525,6,19.1,1.3,1.8,68.2
ORD-11935,Sports & Outdoors,Standard,163.84,8.4,179,1,4.0,0.96,1.29,9.5
ORD-11936,Home & Kitchen,Express,117.07,1.3,547,2,4.1,1.37,1.88,27.6
ORD-11937,Office Supplies,Economy,32.02,3.3,834,3,14.1,1.03,1.37,61.2
ORD-11938,Books,Standard,63.63,1.1,446,4,12.7,1.44,0.86,26.5
ORD-11939,Apparel,Express,110.2,0.3,140,5,1.6,1.1,1.45,5.3
ORD-11940,Toys & Games,Standard,117.43,2.9,624,6,6.4,0.76,0.94,17.5
ORD-11941,Health & Beauty,Standard,85.46,0.6,713,1,9.3,1.17,1.53,41.2
ORD-11942,Electronics,Express,341.01,3.9,353,2,3.2,0.83,1.02,8.2
ORD-11943,Sports & Outdoors,Standard,107.36,4.6,891,3,15.1,1.24,1.61,59.6
ORD-11944,Home & Kitchen,Standard,285.95,8.7,980,4,5.9,0.9,1.1,30.2
ORD-11945,Office Supplies,Express,94.34,3.3,566,5,4.8,1.31,1.69,25.7
ORD-11946,Books,Standard,20.99,1.5,108,6,11.7,0.97,1.18,14.8
ORD-11947,Apparel,Standard,94.44,0.3,197,1,14.6,1.38,1.77,26.6
ORD-11948,Toys & Games,Express,83.27,0.6,159,2,2.3,1.04,1.26,5.8
ORD-11949,Health & Beauty,Standard,48.5,0.8,375,3,8.3,0.7,1.85,20.4
ORD-11950,Electronics,Same Day,367.57,5.5,27,4,1.3,1.11,1.34,2.6
ORD-11951,Sports & Outdoors,Economy,51.88,9.8,976,5,17.6,0.77,1.93,75.6
ORD-11952,Home & Kitchen,Standard,133.83,5.1,642,6,4.9,1.18,1.42,31.8
ORD-11953,Office Supplies,Express,71.66,3.3,514,1,3.6,0.84,0.91,10.1
ORD-11954,Books,Economy,42.35,1.9,1285,2,12.6,1.25,1.5,109.0
ORD-11955,Apparel,Standard,78.68,0.3,909,3,13.6,0.91,0.99,34.1
ORD-11956,Toys & Games,Express,49.11,1.8,107,4,5.2,1.32,1.58,8.9
ORD-11957,Health & Beauty,Economy,106.54,1.0,294,5,23.7,0.98,1.07,36.0
ORD-11958,Electronics,Standard,393.13,1.1,126,6,10.2,1.39,1.66,17.5
ORD-11959,Sports & Outdoors,Express,235.4,6.0,320,1,2.7,1.05,1.15,9.1
ORD-11960,Home & Kitchen,Standard,301.71,1.5,304,2,16.0,0.71,1.74,25.4
ORD-11961,Office Supplies,Standard,48.98,3.3,393,3,6.8,1.12,1.23,20.3
ORD-11962,Books,Express,64.71,2.3,533,4,4.3,0.78,1.82,16.9
ORD-11963,Apparel,Standard,62.92,0.3,571,5,12.6,1.19,1.31,34.9
ORD-11964,Toys & Games,Standard,125.95,3.0,660,6,15.5,0.85,1.9,42.1
ORD-11965,Health & Beauty,Express,69.58,1.2,126,1,1.8,1.26,1.39,5.5
ORD-11966,Electronics,Standard,419.69,2.7,838,2,9.2,0.92,0.88,26.2
ORD-11967,Sports & Outdoors,Standard,179.92,2.2,927,3,12.1,1.33,1.47,57.4
ORD-11968,Home & Kitchen,Express,149.59,8.9,339,4,3.4,0.99,0.96,8.8
ORD-11969,Office Supplies,Standard,25.3,3.3,1105,5,5.8,1.4,1.55,65.7
ORD-11970,Books,Same Day,21.07,2.7,47,6,1.7,1.06,1.04,3.4
ORD-11971,Apparel,Economy,46.16,0.3,436,1,11.1,0.72,1.63,31.6
ORD-11972,Toys & Games,Standard,91.79,0.7,322,2,14.5,1.13,1.12,24.7
ORD-11973,Health & Beauty,Express,32.62,1.4,74,3,4.7,0.79,1.71,6.4
ORD-11974,Electronics,Economy,445.25,4.3,745,4,22.2,1.2,1.2,65.1
ORD-11975,Sports & Outdoors,Standard,123.44,7.4,589,5,11.1,0.86,1.79,33.8
ORD-11976,Home & Kitchen,Express,317.47,5.3,287,6,2.2,1.27,1.28,10.0
ORD-11977,Office Supplies,Economy,87.62,3.3,1054,1,17.2,0.93,1.87,90.5
ORD-11978,Books,Standard,43.43,0.6,856,2,7.7,1.34,1.36,46.7
ORD-11979,Apparel,Express,30.4,0.3,500,3,3.8,1.0,0.85,10.9
ORD-11980,Toys & Games,Standard,57.63,1.9,1034,4,13.5,1.41,1.44,66.0
ORD-11981,Health & Beauty,Standard,90.66,1.6,1123,5,4.3,1.07,0.93,32.2
ORD-11982,Electronics,Express,471.81,5.9,93,6,5.4,0.73,1.52,7.1
ORD-11983,Sports & Outdoors,Standard,67.96,3.6,251,1,10.1,1.14,1.01,17.3
ORD-11984,Home & Kitchen,Standard,165.35,1.7,340,2,13.0,0.8,1.6,23.9
ORD-11985,Office Supplies,Express,64.94,3.3,306,3,2.9,1.21,1.09,9.6
ORD-11986,Books,Standard,65.79,1.0,518,4,6.7,0.87,1.68,25.6
ORD-11987,Apparel,Standard,194.64,0.3,607,5,9.6,1.28,1.17,32.3
ORD-11988,Toys & Games,Express,23.47,3.1,519,6,4.5,0.94,1.76,18.8
ORD-11989,Health & Beauty,Standard,53.7,1.8,785,1,15.4,1.35,1.25,48.5
ORD-11990,Electronics,Same Day,497.37,1.5,19,2,2.1,1.01,1.84,3.3
ORD-11991,Sports & Outdoors,Economy,251.48,8.8,1196,3,20.7,1.42,1.33,111.1
ORD-11992,Home & Kitchen,Standard,333.23,9.1,1052,4,12.0,1.08,1.92,66.5
ORD-11993,Office Supplies,Express,41.26,3.3,254,5,1.7,0.74,1.41,6.1
ORD-11994,Books,Economy,22.15,1.4,205,6,15.7,1.15,0.9,24.2
ORD-11995,Apparel,Standard,178.88,0.3,269,1,8.6,0.81,1.49,16.7
ORD-11996,Toys & Games,Express,99.31,0.8,467,2,3.3,1.22,0.98,12.6
ORD-11997,Health & Beauty,Economy,111.74,0.2,514,3,10.7,0.88,1.57,39.1
ORD-11998,Electronics,Standard,523.93,3.1,536,4,5.2,1.29,1.06,23.5
ORD-11999,Sports & Outdoors,Express,195.0,5.0,60,5,4.9,0.95,1.65,6.5
ORD-12000,Home & Kitchen,Standard,181.11,5.5,714,6,11.0,1.36,1.14,38.7
ORD-12001,Office Supplies,Standard,18.58,3.3,803,1,13.9,1.02,1.73,49.3
ORD-12002,Books,Express,44.51,1.8,273,2,2.4,1.43,1.22,10.3
ORD-12003,Apparel,Standard,162.12,0.3,981,3,7.6,1.09,1.81,56.0
ORD-12004,Toys & Games,Standard,65.15,2.0,1070,4,10.5,0.75,1.3,36.6
ORD-12005,Health & Beauty,Express,74.78,0.4,486,5,4.0,1.16,1.89,21.8
ORD-12006,Electronics,Standard,549.49,4.7,198,6,4.2,0.82,1.38,9.8
ORD-12007,Sports & Outdoors,Standard,139.52,1.2,287,1,7.1,1.23,0.87,14.8
ORD-12008,Home & Kitchen,Express,349.99,1.9,79,2,1.5,0.89,1.46,3.2
ORD-12009,Office Supplies,Standard,80.9,3.3,465,3,12.9,1.3,0.95,27.3
ORD-12010,Books,Same Day,66.87,2.2,39,4,2.5,0.96,1.54,4.4
ORD-12011,Apparel,Economy,146.36,0.3,656,5,14.2,1.37,1.03,51.2
ORD-12012,Toys & Games,Standard,31.99,3.2,732,6,9.5,1.03,1.62,40.0
ORD-12013,Health & Beauty,Express,37.82,0.6,434,1,2.8,1.44,1.11,14.4
ORD-12014,Electronics,Economy,575.05,6.3,965,2,9.2,1.1,1.7,81.4
ORD-12015,Sports & Outdoors,Standard,83.04,6.4,999,3,6.1,0.76,1.19,28.7
ORD-12016,Home & Kitchen,Express,197.87,9.3,647,4,4.4,1.17,1.78,26.9
ORD-12017,Office Supplies,Economy,57.22,3.3,1274,5,20.3,0.83,1.27,74.0
ORD-12018,Books,Standard,23.23,2.6,216,6,14.8,1.24,1.86,27.3
ORD-12019,Apparel,Express,130.6,0.3,240,1,1.9,0.9,1.35,6.8
ORD-12020,Toys & Games,Standard,107.83,0.9,394,2,8.5,1.31,1.94,33.5
ORD-12021,Health & Beauty,Standard,95.86,0.8,483,3,11.4,0.97,1.43,28.1
ORD-12022,Electronics,Express,601.61,1.9,453,4,3.5,1.38,0.92,13.1
ORD-12023,Sports & Outdoors,Standard,267.56,2.6,661,5,5.1,1.04,1.51,31.1
ORD-12024,Home & Kitchen,Standard,45.75,5.7,750,6,8.0,0.7,1.0,21.1
ORD-12025,Office Supplies,Express,34.54,3.3,46,1,5.1,1.11,1.59,6.5
ORD-12026,Books,Standard,45.59,0.5,928,2,13.8,0.77,1.08,33.1
ORD-12027,Apparel,Standard,114.84,0.3,1017,3,4.6,1.18,1.67,54.7
ORD-12028,Toys & Games,Express,73.67,2.1,259,4,2.6,0.84,1.16,6.8
ORD-12029,Health & Beauty,Standard,58.9,1.0,145,5,10.4,1.25,1.75,18.3
ORD-12030,Electronics,Same Day,627.17,3.5,11,6,1.1,0.91,1.24,1.5
ORD-12031,Sports & Outdoors,Economy,211.08,7.8,1416,1,23.8,1.32,1.83,160.6
ORD-12032,Home & Kitchen,Standard,213.63,2.1,412,2,7.0,0.98,1.32,20.3
ORD-12033,Office Supplies,Express,96.86,3.3,614,3,3.9,1.39,1.91,31.1
ORD-12034,Books,Economy,67.95,0.9,425,4,18.8,1.05,1.4,43.8
ORD-12035,Apparel,Standard,98.08,0.3,679,5,15.7,0.71,0.89,26.4
ORD-12036,Toys & Games,Express,39.51,3.3,207,6,5.5,1.12,1.48,11.2
ORD-12037,Health & Beauty,Economy,21.94,1.2,734,1,13.8,0.78,0.97,36.0
ORD-12038,Electronics,Standard,653.73,5.1,946,2,12.3,1.19,1.56,56.2
ORD-12039,Sports & Outdoors,Express,155.6,4.0,420,3,3.0,0.85,1.05,9.2
ORD-12040,Home & Kitchen,Standard,61.51,9.5,1124,4,6.0,1.26,1.64,64.1
ORD-12041,Office Supplies,Standard,73.18,3.3,163,5,8.9,0.92,1.13,13.1
ORD-12042,Books,Express,24.31,1.3,633,6,4.6,1.33,1.72,28.7
ORD-12043,Apparel,Standard,82.32,0.3,341,1,14.7,0.99,1.21,24.9
ORD-12044,Toys & Games,Standard,115.35,1.0,430,2,5.5,1.4,1.8,32.6
ORD-12045,Health & Beauty,Express,79.98,1.4,226,3,2.1,1.06,1.29,7.3
ORD-12046,Electronics,Standard,679.29,6.7,608,4,11.3,0.72,1.88,31.9
ORD-12047,Sports & Outdoors,Standard,99.12,9.2,697,5,14.2,1.13,1.37,41.2
ORD-12048,Home & Kitchen,Express,229.39,5.9,439,6,3.7,0.79,0.86,8.7
ORD-12049,Office Supplies,Standard,50.5,3.3,875,1,7.9,1.2,1.45,46.0
ORD-12050,Books,Same Day,46.67,1.7,31,2,1.5,0.86,0.94,2.3
ORD-12051,Apparel,Economy,66.56,0.3,876,3,17.3,1.27,1.53,85.4
ORD-12052,Toys & Games,Standard,81.19,2.2,92,4,4.5,0.93,1.02,6.7
ORD-12053,Health & Beauty,Express,42.02,1.6,174,5,5.0,1.34,1.61,11.3
ORD-12054,Electronics,Economy,705.85,2.3,1185,6,12.3,1.0,1.1,64.4
ORD-12055,Sports & Outdoors,Standard,43.64,5.4,359,1,13.2,1.41,1.69,34.6
ORD-12056,Home & Kitchen,Express,77.27,2.3,387,2,2.5,1.07,1.18,10.6
ORD-12057,Office Supplies,Economy,27.82,3.3,194,3,23.4,0.73,1.77,33.4
ORD-12058,Books,Standard,68.03,2.1,626,4,9.8,1.14,1.26,32.3
ORD-12059,Apparel,Express,50.8,0.3,600,5,4.1,0.8,1.85,18.9
ORD-12060,Toys & Games,Standard,47.03,3.4,804,6,15.6,1.21,1.34,48.2
ORD-12061,Health & Beauty,Standard,100.06,1.8,893,1,6.4,0.87,1.93,43.9
ORD-12062,Electronics,Express,731.41,3.9,193,2,1.6,1.28,1.42,7.4
ORD-12063,Sports & Outdoors,Standard,227.16,1.6,1071,3,12.2,0.94,0.91,35.1
ORD-12064,Home & Kitchen,Standard,245.15,9.7,110,4,15.1,1.35,1.5,20.7
ORD-12065,Office Supplies,Express,89.14,3.3,406,5,3.2,1.01,0.99,10.0
ORD-12066,Books,Standard,25.39,2.5,288,6,8.8,1.42,1.58,25.0
ORD-12067,Apparel,Standard,34.04,0.3,377,1,11.7,1.08,1.07,22.6
ORD-12068,Toys & Games,Express,123.87,1.1,619,2,4.8,0.74,1.66,17.5
ORD-12069,Health & Beauty,Standard,63.1,0.2,555,3,5.4,1.15,1.15,23.7
ORD-12070,Electronics,Same Day,757.97,5.5,51,4,1.9,0.81,1.74,4.3
ORD-12071,Sports & Outdoors,Economy,171.68,6.8,336,5,10.8,1.22,1.23,31.0
ORD-12072,Home & Kitchen,Standard,93.03,6.1,822,6,14.1,0.88,1.82,47.0
ORD-12073,Office Supplies,Express,66.46,3.3,354,1,2.0,1.29,1.31,12.0
ORD-12074,Books,Economy,47.75,0.4,645,2,21.9,0.95,1.9,68.5
ORD-12075,Apparel,Standard,198.28,0.3,1089,3,10.7,1.36,1.39,62.2
ORD-12076,Toys & Games,Express,89.71,2.3,567,4,3.6,1.02,0.88,12.1
ORD-12077,Health & Beauty,Economy,26.14,0.4,954,5,16.9,1.43,1.47,97.1
ORD-12078,Electronics,Standard,783.53,1.1,306,6,7.3,1.09,0.96,15.3
ORD-12079,Sports & Outdoors,Express,115.2,3.0,160,1,5.2,0.75,1.55,8.3
ORD-12080,Home & Kitchen,Standard,261.91,2.5,484,2,13.1,1.16,1.04,27.7
ORD-12081,Office Supplies,Standard,43.78,3.3,573,3,16.0,0.82,1.63,35.1
ORD-12082,Books,Express,69.11,0.8,373,4,2.7,1.23,1.12,11.3
ORD-12083,Apparel,Standard,182.52,0.3,751,5,9.7,0.89,1.71,38.3
ORD-12084,Toys & Games,Standard,55.55,3.5,840,6,12.6,1.3,1.2,45.4
ORD-12085,Health & Beauty,Express,84.18,0.6,586,1,4.3,0.96,1.79,21.1
ORD-12086,Electronics,Standard,809.09,2.7,1018,2,6.3,1.37,1.28,50.9
ORD-12087,Sports & Outdoors,Standard,59.72,8.2,1107,3,9.2,1.03,1.87,62.5
ORD-12088,Home & Kitchen,Express,109.79,9.9,179,4,1.8,1.44,1.36,7.6
ORD-12089,Office Supplies,Standard,20.1,3.3,235,5,15.0,1.1,0.85,20.5
ORD-12090,Books,Same Day,26.47,1.2,23,6,2.3,0.76,1.44,3.1
ORD-12091,Apparel,Economy,166.76,0.3,1096,1,20.4,1.17,0.93,68.1
ORD-12092,Toys & Games,Standard,21.39,1.2,502,2,11.6,0.83,1.52,27.4
ORD-12093,Health & Beauty,Express,47.22,0.8,534,3,3.1,1.24,1.01,14.2
ORD-12094,Electronics,Economy,835.65,4.3,1405,4,15.4,0.9,1.6,96.3
ORD-12095,Sports & Outdoors,Standard,243.24,4.4,769,5,8.2,1.31,1.09,35.7
ORD-12096,Home & Kitchen,Express,277.67,6.3,127,6,4.7,0.97,1.68,8.1
ORD-12097,Office Supplies,Economy,82.42,3.3,414,1,10.4,1.38,1.17,37.1
ORD-12098,Books,Standard,48.83,1.6,1036,2,4.8,1.04,1.76,52.2
ORD-12099,Apparel,Express,150.0,0.3,340,3,2.2,0.7,1.25,7.2
ORD-12100,Toys & Games,Standard,97.23,2.4,164,4,10.6,1.11,1.84,19.0
ORD-12101,Health & Beauty,Standard,105.26,1.0,253,5,13.5,0.77,1.33,20.0
ORD-12102,Electronics,Express,861.21,5.9,553,6,3.8,1.18,1.92,24.7
ORD-12103,Sports & Outdoors,Standard,187.76,9.6,431,1,7.2,0.84,1.41,20.0
ORD-12104,Home & Kitchen,Standard,125.55,2.7,520,2,10.1,1.25,0.9,24.7
ORD-12105,Office Supplies,Express,59.74,3.3,146,3,5.4,0.91,1.49,8.7
ORD-12106,Books,Standard,70.19,2.0,698,4,15.9,1.32,0.98,38.5
ORD-12107,Apparel,Standard,134.24,0.3,787,5,6.7,0.98,1.57,37.0
ORD-12108,Toys & Games,Express,63.07,3.6,359,6,2.9,1.39,1.06,11.7
ORD-12109,Health & Beauty,Standard,68.3,1.2,965,1,12.5,1.05,1.65,54.3
ORD-12110,Electronics,Same Day,137.77,1.5,43,2,0.9,0.71,1.14,2.1
ORD-12111,Sports & Outdoors,Economy,131.28,5.8,556,3,13.9,1.12,1.73,57.0
ORD-12112,Home & Kitchen,Standard,293.43,10.1,182,4,9.1,0.78,1.22,13.4
ORD-12113,Office Supplies,Express,36.06,3.3,94,5,4.2,1.19,1.81,7.6
ORD-12114,Books,Economy,27.55,2.4,865,6,8.9,0.85,1.3,47.1
ORD-12115,Apparel,Standard,118.48,0.3,449,1,5.7,1.26,1.89,32.4
ORD-12116,Toys & Games,Express,29.91,1.3,307,2,1.7,0.92,1.38,8.2
ORD-12117,Health & Beauty,Economy,31.34,1.4,1174,3,20.0,1.33,0.87,74.3
ORD-12118,Electronics,Standard,163.33,3.1,716,4,14.4,0.99,1.46,40.3
ORD-12119,Sports & Outdoors,Express,75.8,2.0,520,5,3.3,1.4,0.95,14.8
ORD-12120,Home & Kitchen,Standard,141.31,6.5,894,6,8.1,1.06,1.54,44.6
ORD-12121,Office Supplies,Standard,98.38,3.3,983,1,11.0,0.72,1.03,29.2
ORD-12122,Books,Express,49.91,2.8,113,2,4.9,1.13,1.62,8.3
ORD-12123,Apparel,Standard,102.72,0.3,111,3,4.7,0.79,1.11,7.1
ORD-12124,Toys & Games,Standard,105.75,2.5,200,4,7.6,1.2,1.7,17.8
ORD-12125,Health & Beauty,Express,89.38,1.6,326,5,2.4,0.86,1.19,8.0
ORD-12126,Electronics,Standard,189.89,4.7,378,6,13.4,1.27,1.78,34.8
ORD-12127,Sports & Outdoors,Standard,259.32,7.2,467,1,4.2,0.93,1.27,18.0
ORD-12128,Home & Kitchen,Express,309.19,2.9,539,2,4.0,1.34,1.86,26.4
ORD-12129,Office Supplies,Standard,75.7,3.3,645,3,10.0,1.0,1.35,31.8
ORD-12130,Books,Same Day,71.27,0.7,15,4,1.3,1.41,1.94,2.7
ORD-12131,Apparel,Economy,86.96,0.3,1316,5,23.5,1.07,1.43,104.0
ORD-12132,Toys & Games,Standard,71.59,3.7,912,6,6.6,0.73,0.92,21.9
ORD-12133,Health & Beauty,Express,52.42,1.8,274,1,5.3,1.14,1.51,13.2
ORD-12134,Electronics,Economy,215.45,6.3,325,2,18.5,0.8,1.0,28.9
ORD-12135,Sports & Outdoors,Standard,203.84,3.4,129,3,15.3,1.21,1.59,21.5
ORD-12136,Home & Kitchen,Express,157.07,10.3,487,4,2.8,0.87,1.08,10.4
ORD-12137,Office Supplies,Economy,52.02,3.3,634,5,13.5,1.28,1.67,67.7
ORD-12138,Books,Standard,28.63,1.1,396,6,11.9,0.94,1.16,22.7
ORD-12139,Apparel,Express,70.2,0.3,80,1,4.4,1.35,1.75,7.6
ORD-12140,Toys & Games,Standard,37.43,1.4,574,2,5.6,1.01,1.24,23.6
ORD-12141,Health & Beauty,Standard,110.46,0.2,663,3,8.5,1.42,1.83,51.6
ORD-12142,Electronics,Express,241.01,1.9,293,4,1.9,1.08,1.32,8.9
ORD-12143,Sports & Outdoors,Standard,147.36,8.6,841,5,14.3,0.74,1.91,44.0
ORD-12144,Home & Kitchen,Standard,325.95,6.7,930,6,5.1,1.15,1.4,42.5
ORD-12145,Office Supplies,Express,29.34,3.3,506,1,3.5,0.81,0.89,9.6
ORD-12146,Books,Standard,50.99,1.5,1108,2,10.9,1.22,1.48,60.9
ORD-12147,Apparel,Standard,54.44,0.3,147,3,13.8,0.88,0.97,16.9
ORD-12148,Toys & Games,Express,113.27,2.6,99,4,5.1,1.29,1.56,8.4
ORD-12149,Health & Beauty,Standard,73.5,0.4,325,5,7.5,0.95,1.05,15.6
ORD-12150,Electronics,Same Day,267.57,3.5,35,6,1.7,1.36,1.64,4.3
ORD-12151,Sports & Outdoors,Economy,91.88,4.8,776,1,17.0,1.02,1.13,52.8
ORD-12152,Home & Kitchen,Standard,173.83,3.1,592,2,4.1,1.43,1.72,40.5
ORD-12153,Office Supplies,Express,91.66,3.3,454,3,2.3,1.09,1.21,12.3
ORD-12154,Books,Economy,72.35,1.9,1085,4,12.0,0.75,1.8,70.6
ORD-12155,Apparel,Standard,38.68,0.3,859,5,12.8,1.16,1.29,44.9
ORD-12156,Toys & Games,Express,79.11,3.8,47,6,3.9,0.82,1.88,5.1
ORD-12157,Health & Beauty,Economy,36.54,0.6,1394,1,23.1,1.23,1.37,117.1
ORD-12158,Electronics,Standard,293.13,5.1,76,2,9.4,0.89,0.86,10.9
ORD-12159,Sports & Outdoors,Express,35.4,1.0,260,3,5.5,1.3,1.45,13.7
ORD-12160,Home & Kitchen,Standard,341.71,10.5,254,4,15.2,0.96,0.94,20.9
ORD-12161,Office Supplies,Standard,68.98,3.3,343,5,6.0,1.37,1.53,24.0
ORD-12162,Books,Express,29.71,2.3,473,6,3.0,1.03,1.02,11.3
ORD-12163,Apparel,Standard,202.92,0.3,521,1,11.8,1.44,1.61,42.0
ORD-12164,Toys & Games,Standard,45.95,1.5,610,2,14.7,1.1,1.1,33.2
ORD-12165,Health & Beauty,Express,94.58,0.8,66,3,4.6,0.76,1.69,6.0
ORD-12166,Electronics,Standard,319.69,6.7,788,4,8.4,1.17,1.18,35.6
ORD-12167,Sports & Outdoors,Standard,219.92,6.2,877,5,11.3,0.83,1.77,43.5
ORD-12168,Home & Kitchen,Express,189.59,6.9,279,6,2.1,1.24,1.26,9.4
ORD-12169,Office Supplies,Standard,45.3,3.3,1055,1,5.0,0.9,1.85,48.9
ORD-12170,Books,Same Day,51.07,2.7,55,2,2.1,1.31,1.34,5.3
ORD-12171,Apparel,Economy,186.16,0.3,236,3,10.5,0.97,1.93,28.2
ORD-12172,Toys & Games,Standard,121.79,2.7,272,4,13.7,1.38,1.42,27.0
ORD-12173,Health & Beauty,Express,57.62,1.0,634,5,3.4,1.04,0.91,13.4
ORD-12174,Electronics,Economy,345.25,2.3,545,6,21.6,0.7,1.5,44.5
ORD-12175,Sports & Outdoors,Standard,163.44,2.4,539,1,10.3,1.11,0.99,25.1
ORD-12176,Home & Kitchen,Express,357.47,3.3,227,2,5.0,0.77,1.58,9.6
ORD-12177,Office Supplies,Economy,22.62,3.3,854,3,16.6,1.18,1.07,59.7
ORD-12178,Books,Standard,73.43,0.6,806,4,6.9,0.84,1.66,35.0
ORD-12179,Apparel,Express,170.4,0.3,440,5,2.5,1.25,1.15,13.0
ORD-12180,Toys & Games,Standard,87.63,3.9,984,6,12.7,0.91,1.74,51.7
ORD-12181,Health & Beauty,Standard,20.66,1.2,1073,1,15.6,1.32,1.23,59.2
ORD-12182,Electronics,Express,371.81,3.9,653,2,4.1,0.98,1.82,23.5
ORD-12183,Sports & Outdoors,Standard,107.96,7.6,201,3,9.3,1.39,1.31,18.5
ORD-12184,Home & Kitchen,Standard,205.35,10.7,290,4,12.2,1.05,1.9,26.7
ORD-12185,Office Supplies,Express,84.94,3.3,246,5,1.6,0.71,1.39,5.6
ORD-12186,Books,Standard,30.79,1.0,468,6,5.9,1.12,0.88,17.4
ORD-12187,Apparel,Standard,154.64,0.3,557,1,8.8,0.78,1.47,24.8
ORD-12188,Toys & Games,Express,53.47,1.6,459,2,3.2,1.19,0.96,11.9
ORD-12189,Health & Beauty,Standard,78.7,1.4,735,3,14.6,0.85,1.55,38.8
ORD-12190,Electronics,Same Day,397.37,5.5,27,4,2.5,1.26,1.04,3.7
ORD-12191,Sports & Outdoors,Economy,51.48,3.8,996,5,20.1,0.92,1.63,79.8
ORD-12192,Home & Kitchen,Standard,53.23,7.1,1002,6,11.2,1.33,1.12,48.5
ORD-12193,Office Supplies,Express,61.26,3.3,194,1,4.5,0.99,1.71,10.0
ORD-12194,Books,Economy,52.15,1.4,1305,2,15.1,1.4,1.2,102.8
ORD-12195,Apparel,Standard,138.88,0.3,219,3,7.8,1.06,1.79,18.2
ORD-12196,Toys & Games,Express,129.31,2.8,407,4,2.0,0.72,1.28,8.3
ORD-12197,Health & Beauty,Economy,41.74,1.6,314,5,10.1,1.13,1.87,36.6
ORD-12198,Electronics,Standard,423.93,1.1,486,6,4.4,0.79,1.36,17.5
ORD-12199,Sports & Outdoors,Express,235.0,9.0,620,1,3.6,1.2,0.85,14.1
ORD-12200,Home & Kitchen,Standard,221.11,3.5,664,2,10.2,0.86,1.44,30.8
ORD-12201,Office Supplies,Standard,38.58,3.3,753,3,13.1,1.27,0.93,35.3
ORD-12202,Books,Express,74.51,1.8,213,4,5.2,0.93,1.52,10.2
ORD-12203,Apparel,Standard,122.12,0.3,931,5,6.8,1.34,1.01,38.3
ORD-12204,Toys & Games,Standard,95.15,0.5,1020,6,9.7,1.0,1.6,50.5
ORD-12205,Health & Beauty,Express,99.78,1.8,426,1,2.7,1.41,1.09,13.6
ORD-12206,Electronics,Standard,449.49,2.7,148,2,15.5,1.07,1.68,22.2
ORD-12207,Sports & Outdoors,Standard,179.52,5.2,237,3,6.3,0.73,1.17,11.4
ORD-12208,Home & Kitchen,Express,69.99,10.9,639,4,4.3,1.14,1.76,25.7
ORD-12209,Office Supplies,Standard,15.9,3.3,415,5,12.1,0.8,1.25,22.5
ORD-12210,Books,Same Day,31.87,2.2,47,6,1.1,1.21,1.84,4.6
ORD-12211,Apparel,Economy,106.36,0.3,456,1,13.6,0.87,1.33,34.7
ORD-12212,Toys & Games,Standard,61.99,1.7,682,2,8.7,1.28,1.92,50.6
ORD-12213,Health & Beauty,Express,62.82,0.2,374,3,1.5,0.94,1.41,9.8
ORD-12214,Electronics,Economy,475.05,4.3,765,4,8.6,1.35,0.9,45.8
ORD-12215,Sports & Outdoors,Standard,123.04,1.4,949,5,5.3,1.01,1.49,41.0
ORD-12216,Home & Kitchen,Express,237.87,7.3,587,6,3.1,1.42,0.98,16.7
ORD-12217,Office Supplies,Economy,77.22,3.3,1074,1,19.7,1.08,1.57,92.5
ORD-12218,Books,Standard,53.23,2.6,166,2,14.0,0.74,1.06,17.3
ORD-12219,Apparel,Express,90.6,0.3,180,3,4.7,1.15,1.65,10.4
ORD-12220,Toys & Games,Standard,27.83,2.9,344,4,7.7,0.81,1.14,15.6
ORD-12221,Health & Beauty,Standard,25.86,0.4,433,5,10.6,1.22,1.73,33.4
ORD-12222,Electronics,Express,501.61,5.9,393,6,2.2,0.88,1.22,9.2
ORD-12223,Sports & Outdoors,Standard,67.56,6.6,611,1,4.3,1.29,1.81,40.0
ORD-12224,Home & Kitchen,Standard,85.75,3.7,700,2,7.2,0.95,1.3,28.8
ORD-12225,Office Supplies,Express,54.54,3.3,606,3,3.8,1.36,1.89,29.8
ORD-12226,Books,Standard,75.59,0.5,878,4,13.0,1.02,1.38,43.9
ORD-12227,Apparel,Standard,74.84,0.3,967,5,15.9,1.43,0.87,46.0
ORD-12228,Toys & Games,Express,103.67,0.6,199,6,5.4,1.09,1.46,10.7
ORD-12229,Health & Beauty,Standard,83.9,0.6,95,1,9.6,0.75,0.95,11.3
ORD-12230,Electronics,Same Day,527.17,1.5,19,2,1.5,1.16,1.54,2.6
ORD-12231,Sports & Outdoors,Economy,251.08,2.8,1216,3,23.2,0.82,1.03,64.3
ORD-12232,Home & Kitchen,Standard,253.63,11.1,362,4,6.2,1.23,1.62,24.2
ORD-12233,Office Supplies,Express,31.86,3.3,554,5,2.6,0.89,1.11,11.7
ORD-12234,Books,Economy,32.95,0.9,225,6,18.2,1.3,1.7,38.1
ORD-12235,Apparel,Standard,58.08,0.3,629,1,14.9,0.96,1.19,32.9
ORD-12236,Toys & Games,Express,69.51,1.8,147,2,4.2,1.37,1.78,10.2
ORD-12237,Health & Beauty,Economy,46.94,0.8,534,3,13.2,1.03,1.27,41.1
ORD-12238,Electronics,Standard,553.73,3.1,896,4,11.5,1.44,1.86,71.5
ORD-12239,Sports & Outdoors,Express,195.6,8.0,360,5,1.7,1.1,1.35,10.6
ORD-12240,Home & Kitchen,Standard,101.51,7.5,1074,6,5.2,0.76,1.94,44.8
ORD-12241,Office Supplies,Standard,93.18,3.3,113,1,8.1,1.17,1.43,12.8
ORD-12242,Books,Express,54.31,1.3,573,2,3.3,0.83,0.92,10.6
ORD-12243,Apparel,Standard,42.32,0.3,291,3,13.9,1.24,1.51,27.5
ORD-12244,Toys & Games,Standard,35.35,3.0,380,4,4.7,0.9,1.0,13.3
ORD-12245,Health & Beauty,Express,104.98,1.0,166,5,4.9,1.31,1.59,10.7
ORD-12246,Electronics,Standard,579.29,4.7,558,6,10.5,0.97,1.08,25.1
ORD-12247,Sports & Outdoors,Standard,139.12,4.2,647,1,13.4,1.38,1.67,50.7
ORD-12248,Home & Kitchen,Express,269.39,3.9,379,2,2.4,1.04,1.16,10.0
ORD-12249,Office Supplies,Standard,70.5,3.3,825,3,7.1,0.7,1.75,32.4
ORD-12250,Books,Same Day,76.67,1.7,39,4,1.9,1.11,1.24,3.7
ORD-12251,Apparel,Economy,206.56,0.3,676,5,16.7,0.77,1.83,54.8
ORD-12252,Toys & Games,Standard,111.19,0.7,1092,6,15.8,1.18,1.32,58.3
ORD-12253,Health & Beauty,Express,67.02,1.2,114,1,3.7,0.84,1.91,6.7
ORD-12254,Electronics,Economy,605.85,6.3,985,2,11.7,1.25,1.4,80.7
ORD-12255,Sports & Outdoors,Standard,83.64,9.4,309,3,12.4,0.91,0.89,18.7
ORD-12256,Home & Kitchen,Express,117.27,11.3,327,4,5.3,1.32,1.48,15.9
ORD-12257,Office Supplies,Economy,47.82,3.3,1294,5,22.8,0.98,0.97,72.0
ORD-12258,Books,Standard,33.03,2.1,576,6,9.0,1.39,1.56,40.2
ORD-12259,Apparel,Express,190.8,0.3,540,1,2.8,1.05,1.05,12.7
ORD-12260,Toys & Games,Standard,77.03,1.9,754,2,14.8,0.71,1.64,36.7
ORD-12261,Health & Beauty,Standard,30.06,1.4,843,3,5.6,1.12,1.13,32.3
ORD-12262,Electronics,Express,631.41,1.9,133,4,4.4,0.78,1.72,7.4
ORD-12263,Sports & Outdoors,Standard,267.16,5.6,1021,5,11.4,1.19,1.21,48.2
ORD-12264,Home & Kitchen,Standard,285.15,7.7,1110,6,14.3,0.85,1.8,56.8
ORD-12265,Office Supplies,Express,24.14,3.3,346,1,1.9,1.26,1.29,11.3
ORD-12266,Books,Standard,55.39,2.5,238,2,8.0,0.92,1.88,18.3
ORD-12267,Apparel,Standard,174.04,0.3,327,3,10.9,1.33,1.37,25.8
ORD-12268,Toys & Games,Express,43.87,3.1,559,4,3.5,0.99,0.86,11.4
ORD-12269,Health & Beauty,Standard,88.1,1.6,505,5,4.6,1.4,1.45,30.2
ORD-12270,Electronics,Same Day,657.97,3.5,11,6,2.3,1.06,0.94,2.7
ORD-12271,Sports & Outdoors,Economy,211.68,1.8,136,1,10.2,0.72,1.53,16.2
ORD-12272,Home & Kitchen,Standard,133.03,4.1,772,2,13.3,1.13,1.02,35.5
ORD-12273,Office Supplies,Express,86.46,3.3,294,3,4.8,0.79,1.61,11.0
ORD-12274,Books,Economy,12.75,0.4,445,4,21.3,1.2,1.1,44.8
ORD-12275,Apparel,Standard,158.28,0.3,1039,5,9.9,0.86,1.69,47.7
ORD-12276,Toys & Games,Express,119.71,0.8,507,6,2.3,1.27,1.18,15.0
ORD-12277,Health & Beauty,Economy,51.14,1.8,754,1,16.3,0.93,1.77,65.9
ORD-12278,Electronics,Standard,683.53,5.1,256,2,6.5,1.34,1.26,17.3
ORD-12279,Sports & Outdoors,Express,155.2,7.0,100,3,3.9,1.0,1.85,7.0
ORD-12280,Home & Kitchen,Standard,301.91,11.5,434,4,12.3,1.41,1.34,32.8
ORD-12281,Office Supplies,Standard,63.78,3.3,523,5,15.2,1.07,1.93,42.2
ORD-12282,Books,Express,34.11,0.8,313,6,5.5,0.73,1.42,10.9
ORD-12283,Apparel,Standard,142.52,0.3,701,1,8.9,1.14,0.91,27.1
ORD-12284,Toys & Games,Standard,85.55,2.0,790,2,11.8,0.8,1.5,35.5
ORD-12285,Health & Beauty,Express,109.18,0.2,526,3,3.0,1.21,0.99,13.5
ORD-12286,Electronics,Standard,709.09,6.7,968,4,5.5,0.87,1.58,38.8
ORD-12287,Sports & Outdoors,Standard,99.72,3.2,1057,5,8.4,1.28,1.07,44.6
ORD-12288,Home & Kitchen,Express,149.79,7.9,119,6,4.6,0.94,1.66,7.7
ORD-12289,Office Supplies,Standard,40.1,3.3,185,1,14.2,1.35,1.15,21.4
ORD-12290,Books,Same Day,56.47,1.2,31,2,0.9,1.01,1.74,2.7
ORD-12291,Apparel,Economy,126.76,0.3,896,3,19.8,1.42,1.23,82.4
ORD-12292,Toys & Games,Standard,51.39,3.2,452,4,10.8,1.08,1.82,33.0
ORD-12293,Health & Beauty,Express,72.22,0.4,474,5,1.8,0.74,1.31,9.5
ORD-12294,Electronics,Economy,735.65,2.3,1205,6,14.8,1.15,1.9,120.1
ORD-12295,Sports & Outdoors,Standard,43.24,8.4,719,1,7.4,0.81,1.39,27.6
ORD-12296,Home & Kitchen,Express,317.67,4.3,67,2,3.4,1.22,0.88,4.6
ORD-12297,Office Supplies,Economy,17.42,3.3,214,3,9.8,0.88,1.47,20.9
ORD-12298,Books,Standard,13.83,1.6,986,4,4.0,1.29,0.96,34.5
ORD-12299,Apparel,Express,110.0,0.3,280,5,5.0,0.95,1.55,11.9
ORD-12300,Toys & Games,Standard,127.23,0.9,114,6,9.8,1.36,1.04,13.8
ORD-12301,Health & Beauty,Standard,35.26,0.6,203,1,12.7,1.02,1.63,21.1
ORD-12302,Electronics,Express,761.21,3.9,493,2,2.5,1.43,1.12,15.7
ORD-12303,Sports & Outdoors,Standard,227.76,4.6,381,3,6.4,1.09,1.71,24.2
ORD-12304,Home & Kitchen,Standard,165.55,11.7,470,4,9.3,0.75,1.2,19.9
ORD-12305,Office Supplies,Express,79.74,3.3,86,5,4.1,1.16,1.79,7.1
ORD-12306,Books,Standard,35.19,2.0,648,6,15.1,0.82,1.28,32.1
ORD-12307,Apparel,Standard,94.24,0.3,737,1,5.9,1.23,1.87,48.3
ORD-12308,Toys & Games,Express,93.07,2.1,299,2,1.6,0.89,1.36,7.6
ORD-12309,Health & Beauty,Standard,93.3,0.8,915,3,11.7,1.3,0.85,37.0
ORD-12310,Electronics,Same Day,787.77,5.5,51,4,1.3,0.96,1.44,3.7
ORD-12311,Sports & Outdoors,Economy,171.28,9.8,356,5,13.3,1.37,0.93,31.4
ORD-12312,Home & Kitchen,Standard,333.43,8.1,132,6,8.3,1.03,1.52,13.5
ORD-12313,Office Supplies,Express,56.06,3.3,654,1,2.9,1.44,1.01,18.8
ORD-12314,Books,Economy,57.55,2.4,665,2,8.3,1.1,1.6,55.1
ORD-12315,Apparel,Standard,78.48,0.3,399,3,4.9,0.76,1.09,13.2
ORD-12316,Toys & Games,Express,59.91,3.3,247,4,4.5,1.17,1.68,12.6
ORD-12317,Health & Beauty,Economy,56.34,1.0,974,5,19.4,0.83,1.17,57.2
ORD-12318,Electronics,Standard,813.33,1.1,666,6,13.6,1.24,1.76,49.9
ORD-12319,Sports & Outdoors,Express,115.8,6.0,460,1,2.0,0.9,1.25,10.6
ORD-12320,Home & Kitchen,Standard,181.31,4.5,844,2,7.3,1.31,1.84,58.2
ORD-12321,Office Supplies,Standard,33.38,3.3,933,3,10.2,0.97,1.33,40.3
ORD-12322,Books,Express,14.91,2.8,53,4,3.6,1.38,1.92,5.9
ORD-12323,Apparel,Standard,62.72,0.3,1111,5,16.0,1.04,1.41,56.7
ORD-12324,Toys & Games,Standard,25.75,1.0,150,6,6.8,0.7,0.9,9.2
ORD-12325,Health & Beauty,Express,19.38,1.2,266,1,5.2,1.11,1.49,12.5
ORD-12326,Electronics,Standard,839.89,2.7,328,2,12.6,0.77,0.98,18.8
ORD-12327,Sports & Outdoors,Standard,59.32,2.2,417,3,15.5,1.18,1.57,34.8
ORD-12328,Home & Kitchen,Express,349.19,11.9,479,4,2.7,0.84,1.06,9.8
ORD-12329,Office Supplies,Standard,95.7,3.3,595,5,9.2,1.25,1.65,39.9
ORD-12330,Books,Same Day,36.27,0.7,23,6,1.7,0.91,1.14,2.5
ORD-12331,Apparel,Economy,46.96,0.3,1116,1,22.9,1.32,1.73,124.8
ORD-12332,Toys & Games,Standard,101.59,2.2,862,2,5.8,0.98,1.22,31.6
ORD-12333,Health & Beauty,Express,77.42,1.4,214,3,4.0,1.39,1.81,13.0
ORD-12334,Electronics,Economy,865.45,4.3,125,4,17.9,1.05,1.3,24.7
ORD-12335,Sports & Outdoors,Standard,243.84,7.4,79,5,14.5,0.71,1.89,17.2
ORD-12336,Home & Kitchen,Express,197.07,8.3,427,6,1.5,1.12,1.38,12.5
ORD-12337,Office Supplies,Economy,72.02,3.3,434,1,12.9,0.78,0.87,24.7
ORD-12338,Books,Standard,58.63,1.1,346,2,11.1,1.19,1.46,26.1
ORD-12339,Apparel,Express,30.2,0.3,640,3,3.1,0.85,0.95,11.7
ORD-12340,Toys & Games,Standard,67.43,3.4,524,4,4.8,1.26,1.54,30.2
ORD-12341,Health & Beauty,Standard,40.46,1.6,613,5,7.7,0.92,1.03,22.2
ORD-12342,Electronics,Express,141.01,5.9,233,6,4.7,1.33,1.62,13.1
ORD-12343,Sports & Outdoors,Standard,187.36,3.6,791,1,13.5,0.99,1.11,35.2
ORD-12344,Home & Kitchen,Standard,45.95,4.7,880,2,4.3,1.4,1.7,56.7
ORD-12345,Office Supplies,Express,49.34,3.3,446,3,2.2,1.06,1.19,11.6
ORD-12346,Books,Standard,15.99,1.5,1058,4,10.1,0.72,1.78,44.0
ORD-12347,Apparel,Standard,194.44,0.3,97,5,13.0,1.13,1.27,16.5
ORD-12348,Toys & Games,Express,33.27,1.1,659,6,3.8,0.79,1.86,19.9
ORD-12349,Health & Beauty,Standard,98.5,1.8,275,1,6.7,1.2,1.35,17.8
ORD-12350,Electronics,Same Day,167.57,1.5,43,2,2.1,0.86,1.94,4.5
ORD-12351,Sports & Outdoors,Economy,131.88,8.8,576,3,16.4,1.27,1.43,58.2
ORD-12352,Home & Kitchen,Standard,213.83,12.1,542,4,15.4,0.93,0.92,27.0
ORD-12353,Office Supplies,Express,26.66,3.3,394,5,5.1,1.34,1.51,18.4
ORD-12354,Books,Economy,37.35,1.9,885,6,11.4,1.0,1.0,46.8
ORD-12355,Apparel,Standard,178.68,0.3,809,1,12.0,1.41,1.59,57.3
ORD-12356,Toys & Games,Express,109.11,2.3,607,2,2.6,1.07,1.08,14.3
ORD-12357,Health & Beauty,Economy,61.54,0.2,1194,3,22.5,0.73,1.67,80.7
ORD-12358,Electronics,Standard,193.13,3.1,1076,4,8.6,1.14,1.16,44.2
ORD-12359,Sports & Outdoors,Express,75.4,5.0,200,5,4.2,0.8,1.75,8.9
ORD-12360,Home & Kitchen,Standard,61.71,8.5,204,6,14.4,1.21,1.24,22.1
ORD-12361,Office Supplies,Standard,88.98,3.3,293,1,5.2,0.87,1.83,16.9
ORD-12362,Books,Express,59.71,2.3,413,2,1.7,1.28,1.32,13.3
ORD-12363,Apparel,Standard,162.92,0.3,471,3,11.0,0.94,1.91,32.1
ORD-12364,Toys & Games,Standard,75.95,3.5,560,4,13.9,1.35,1.4,40.4
ORD-12365,Health & Beauty,Express,24.58,0.4,626,5,3.3,1.01,0.89,12.7
ORD-12366,Electronics,Standard,219.69,4.7,738,6,7.6,1.42,1.48,46.4
ORD-12367,Sports & Outdoors,Standard,259.92,1.2,827,1,10.5,1.08,0.97,32.2
ORD-12368,Home & Kitchen,Express,229.59,4.9,219,2,4.9,0.74,1.56,9.1
ORD-12369,Office Supplies,Standard,65.3,3.3,1005,3,4.2,1.15,1.05,34.5
ORD-12370,Books,Same Day,16.07,2.7,15,4,2.5,0.81,1.64,3.2
ORD-12371,Apparel,Economy,146.16,0.3,1336,5,9.9,1.22,1.13,83.6
ORD-12372,Toys & Games,Standard,41.79,1.2,222,6,12.9,0.88,1.72,21.3
ORD-12373,Health & Beauty,Express,82.62,0.6,574,1,2.1,1.29,1.21,17.0
ORD-12374,Electronics,Economy,245.25,6.3,345,2,21.0,0.95,1.8,44.6
ORD-12375,Sports & Outdoors,Standard,203.44,6.4,489,3,9.5,1.36,1.29,30.9
ORD-12376,Home & Kitchen,Express,77.47,1.3,167,4,3.7,1.02,1.88,9.0
ORD-12377,Office Supplies,Economy,42.62,3.3,654,5,16.0,1.43,1.37,67.3
ORD-12378,Books,Standard,38.43,0.6,756,6,6.1,1.09,0.86,23.8
ORD-12379,Apparel,Express,130.4,0.3,380,1,5.3,0.75,1.45,12.2
ORD-12380,Toys & Games,Standard,117.63,2.4,934,2,11.9,1.16,0.94,37.4
ORD-12381,Health & Beauty,Standard,45.66,0.8,1023,3,14.8,0.82,1.53,46.9
ORD-12382,Electronics,Express,271.81,1.9,593,4,2.8,1.23,1.02,15.2
ORD-12383,Sports & Outdoors,Standard,147.96,2.6,151,5,8.5,0.89,1.61,13.9
ORD-12384,Home & Kitchen,Standard,245.35,8.7,240,6,11.4,1.3,1.1,20.0
ORD-12385,Office Supplies,Express,19.94,3.3,186,1,4.4,0.96,1.69,9.4
ORD-12386,Books,Standard,60.79,1.0,418,2,5.1,1.37,1.18,22.0
ORD-12387,Apparel,Standard,114.64,0.3,507,3,8.0,1.03,1.77,31.1
ORD-12388,Toys & Games,Express,83.47,3.6,399,4,1.9,1.44,1.26,14.0
ORD-12389,Health & Beauty,Standard,103.7,1.0,685,5,13.8,1.1,1.85,48.6
ORD-12390,Electronics,Same Day,297.37,3.5,35,6,1.1,0.76,1.34,2.3
ORD-12391,Sports & Outdoors,Economy,91.48,7.8,796,1,19.5,1.17,1.93,91.4
ORD-12392,Home & Kitchen,Standard,93.23,5.1,952,2,10.4,0.83,1.42,38.5
ORD-12393,Office Supplies,Express,81.26,3.3,134,3,3.2,1.24,0.91,5.7
ORD-12394,Books,Economy,17.15,1.4,1105,4,14.5,0.9,1.5,74.2
ORD-12395,Apparel,Standard,98.88,0.3,169,5,7.0,1.31,0.99,12.5
ORD-12396,Toys & Games,Express,49.31,1.3,347,6,4.8,0.97,1.58,13.7
ORD-12397,Health & Beauty,Economy,66.74,1.2,1414,1,9.5,1.38,1.07,93.0
ORD-12398,Electronics,Standard,323.93,5.1,436,2,15.7,1.04,1.66,34.5
ORD-12399,Sports & Outdoors,Express,35.0,4.0,560,3,2.3,0.7,1.15,9.8
ORD-12400,Home & Kitchen,Standard,261.11,1.5,614,4,9.4,1.11,1.74,39.0
ORD-12401,Office Supplies,Standard,58.58,3.3,703,5,12.3,0.77,1.23,28.9
ORD-12402,Books,Express,39.51,1.8,153,6,3.9,1.18,1.82,9.4
ORD-12403,Apparel,Standard,82.12,0.3,881,1,6.0,0.84,1.31,30.2
ORD-12404,Toys & Games,Standard,125.15,2.5,970,2,8.9,1.25,1.9,66.5
ORD-12405,Health & Beauty,Express,29.78,1.4,366,3,5.5,0.91,1.39,13.2
ORD-12406,Electronics,Standard,349.49,6.7,98,4,14.7,1.32,0.88,17.5
ORD-12407,Sports & Outdoors,Standard,219.52,9.2,187,5,5.5,0.98,1.47,12.2
ORD-12408,Home & Kitchen,Express,109.99,8.9,579,6,3.0,1.39,0.96,15.9
ORD-12409,Office Supplies,Standard,35.9,3.3,365,1,11.3,1.05,1.55,26.2
ORD-12410,Books,Same Day,61.87,2.2,55,2,1.5,0.71,1.04,2.9
ORD-12411,Apparel,Economy,66.36,0.3,256,3,13.0,1.12,1.63,31.7
ORD-12412,Toys & Games,Standard,91.99,3.7,632,4,7.9,0.78,1.12,21.7
ORD-12413,Health & Beauty,Express,87.82,1.6,314,5,4.3,1.19,1.71,14.9
ORD-12414,Electronics,Economy,375.05,2.3,565,6,8.0,0.85,1.2,31.1
ORD-12415,Sports & Outdoors,Standard,163.04,5.4,899,1,4.5,1.26,1.79,55.2
ORD-12416,Home & Kitchen,Express,277.87,5.3,527,2,1.8,0.92,1.28,12.1
ORD-12417,Office Supplies,Economy,97.22,3.3,874,3,19.1,1.33,1.87,106.0
ORD-12418,Books,Standard,18.23,2.6,116,4,13.2,0.99,1.36,17.1
ORD-12419,Apparel,Express,50.6,0.3,120,5,3.4,1.4,0.85,5.8
ORD-12420,Toys & Games,Standard,57.83,1.4,294,6,6.9,1.06,1.44,18.1
ORD-12421,Health & Beauty,Standard,50.86,1.8,383,1,9.8,0.72,0.93,16.2
ORD-12422,Electronics,Express,401.61,3.9,333,2,5.0,1.13,1.52,14.5
ORD-12423,Sports & Outdoors,Standard,107.56,1.6,561,3,15.6,0.79,1.01,26.8
ORD-12424,Home & Kitchen,Standard,125.75,1.7,650,4,6.4,1.2,1.6,37.6
ORD-12425,Office Supplies,Express,74.54,3.3,546,5,2.5,0.86,1.09,11.0
ORD-12426,Books,Standard,40.59,0.5,828,6,12.2,1.27,1.68,56.4
ORD-12427,Apparel,Standard,34.84,0.3,917,1,15.1,0.93,1.17,40.0
ORD-12428,Toys & Games,Express,23.67,2.6,139,2,4.1,1.34,1.76,9.6
ORD-12429,Health & Beauty,Standard,108.9,0.2,1095,3,8.8,1.0,1.25,43.0
ORD-12430,Electronics,Same Day,427.17,5.5,27,4,1.9,1.41,1.84,4.2
ORD-12431,Sports & Outdoors,Economy,51.08,6.8,1016,5,22.6,1.07,1.33,80.4
ORD-12432,Home & Kitchen,Standard,293.63,9.1,312,6,5.4,0.73,1.92,16.3
ORD-12433,Office Supplies,Express,51.86,3.3,494,1,5.4,1.14,1.41,18.6
ORD-12434,Books,Economy,62.95,0.9,1325,2,17.6,0.8,0.9,55.8
ORD-12435,Apparel,Standard,198.08,0.3,579,3,14.1,1.21,1.49,40.2
ORD-12436,Toys & Games,Express,99.51,3.8,87,4,2.9,0.87,0.98,4.1
ORD-12437,Health & Beauty,Economy,71.94,0.4,334,5,12.6,1.28,1.57,39.4
ORD-12438,Electronics,Standard,453.73,1.1,846,6,10.7,0.94,1.06,31.8
ORD-12439,Sports & Outdoors,Express,235.6,3.0,300,1,4.5,1.35,1.65,15.6
ORD-12440,Home & Kitchen,Standard,141.51,5.5,1024,2,4.4,1.01,1.14,33.9
ORD-12441,Office Supplies,Standard,28.18,3.3,1113,3,7.3,1.42,1.73,75.7
ORD-12442,Books,Express,19.31,1.3,513,4,2.0,1.08,1.22,13.3
ORD-12443,Apparel,Standard,182.32,0.3,241,5,13.1,0.74,1.81,21.2
ORD-12444,Toys & Games,Standard,65.35,1.5,330,6,16.0,1.15,1.3,28.3
ORD-12445,Health & Beauty,Express,34.98,0.6,106,1,3.6,0.81,1.89,6.3
ORD-12446,Electronics,Standard,479.29,2.7,508,2,9.7,1.22,1.38,31.1
ORD-12447,Sports & Outdoors,Standard,179.12,8.2,597,3,12.6,0.88,0.87,24.0
ORD-12448,Home & Kitchen,Express,309.39,1.9,319,4,5.2,1.29,1.46,15.2
ORD-12449,Office Supplies,Standard,90.5,3.3,775,5,6.3,0.95,0.95,23.8
ORD-12450,Books,Same Day,41.67,1.7,47,6,2.3,1.36,1.54,5.6
ORD-12451,Apparel,Economy,166.56,0.3,476,1,16.1,1.02,1.03,36.1
ORD-12452,Toys & Games,Standard,31.19,2.7,1042,2,15.0,1.43,1.62,75.3
ORD-12453,Health & Beauty,Express,92.02,0.8,54,3,2.4,1.09,1.11,3.5
ORD-12454,Electronics,Economy,505.85,4.3,785,4,11.1,0.75,1.7,51.1
ORD-12455,Sports & Outdoors,Standard,123.64,4.4,259,5,11.6,1.16,1.19,20.5
ORD-12456,Home & Kitchen,Express,157.27,9.3,267,6,4.0,0.82,1.78,10.5
ORD-12457,Office Supplies,Economy,67.82,3.3,1094,1,22.2,1.23,1.27,90.6
ORD-12458,Books,Standard,63.03,2.1,526,2,8.2,0.89,1.86,30.0
ORD-12459,Apparel,Express,150.8,0.3,480,3,1.5,1.3,1.35,15.5
ORD-12460,Toys & Games,Standard,107.03,3.9,704,4,14.0,0.96,1.94,46.8
ORD-12461,Health & Beauty,Standard,55.06,1.0,793,5,4.8,1.37,1.43,43.6
ORD-12462,Electronics,Express,531.41,5.9,73,6,3.1,1.03,0.92,4.3
ORD-12463,Sports & Outdoors,Standard,67.16,9.6,971,1,10.6,1.44,1.51,63.4
ORD-12464,Home & Kitchen,Standard,325.15,5.7,1060,2,13.5,1.1,1.0,42.7
ORD-12465,Office Supplies,Express,44.14,3.3,286,3,4.7,0.76,1.59,10.5
ORD-12466,Books,Standard,20.39,2.5,188,4,7.2,1.17,1.08,13.1
ORD-12467,Apparel,Standard,134.04,0.3,277,5,10.1,0.83,1.67,19.7
ORD-12468,Toys & Games,Express,73.87,1.6,499,6,2.2,1.24,1.16,14.2
ORD-12469,Health & Beauty,Standard,18.1,1.2,455,1,15.9,0.9,1.75,33.8
ORD-12470,Electronics,Same Day,557.97,1.5,19,2,0.9,1.31,1.24,1.9
ORD-12471,Sports & Outdoors,Economy,251.68,5.8,1236,3,9.6,0.97,1.83,97.4
ORD-12472,Home & Kitchen,Standard,173.03,2.1,722,4,12.5,1.38,1.32,45.4
ORD-12473,Office Supplies,Express,21.46,3.3,234,5,3.5,1.04,1.91,11.2
ORD-12474,Books,Economy,42.75,0.4,245,6,20.7,0.7,1.4,30.3
ORD-12475,Apparel,Standard,118.28,0.3,989,1,9.1,1.11,0.89,33.5
ORD-12476,Toys & Games,Express,39.71,2.8,447,2,5.1,0.77,1.48,13.6
ORD-12477,Health & Beauty,Economy,76.14,1.4,554,3,15.7,1.18,0.97,41.1
ORD-12478,Electronics,Standard,583.53,3.1,206,4,5.7,0.84,1.56,12.4
ORD-12479,Sports & Outdoors,Express,195.2,2.0,40,5,2.6,1.25,1.05,3.5
ORD-12480,Home & Kitchen,Standard,341.91,9.5,384,6,11.5,0.91,1.64,25.8
ORD-12481,Office Supplies,Standard,83.78,3.3,473,1,14.4,1.32,1.13,32.0
ORD-12482,Books,Express,64.11,0.8,253,2,4.2,0.98,1.72,11.3
ORD-12483,Apparel,Standard,102.52,0.3,651,3,8.1,1.39,1.21,35.5
ORD-12484,Toys & Games,Standard,115.55,0.5,740,4,11.0,1.05,1.8,46.0
ORD-12485,Health & Beauty,Express,39.18,1.6,466,5,1.7,0.71,1.29,8.8
ORD-12486,Electronics,Standard,609.09,4.7,918,6,4.7,1.12,1.88,53.0
ORD-12487,Sports & Outdoors,Standard,139.72,7.2,1007,1,7.6,0.78,1.37,34.5
ORD-12488,Home & Kitchen,Express,189.79,5.9,59,2,3.3,1.19,0.86,4.3
ORD-12489,Office Supplies,Standard,60.1,3.3,135,3,13.4,0.85,1.45,17.6
ORD-12490,Books,Same Day,21.47,1.2,39,4,1.3,1.26,0.94,2.8
ORD-12491,Apparel,Economy,86.76,0.3,696,5,19.2,0.92,1.53,58.4
ORD-12492,Toys & Games,Standard,81.39,1.7,402,6,10.0,1.33,1.02,23.6
ORD-12493,Health & Beauty,Express,97.22,1.8,414,1,4.6,0.99,1.61,15.6
ORD-12494,Electronics,Economy,635.65,6.3,1005,2,14.2,1.4,1.1,76.1
ORD-12495,Sports & Outdoors,Standard,83.24,3.4,669,3,6.6,1.06,1.69,36.6
ORD-12496,Home & Kitchen,Express,357.67,2.3,627,4,2.1,0.72,1.18,11.0
ORD-12497,Office Supplies,Economy,37.42,3.3,1314,5,9.2,1.13,1.77,114.3
ORD-12498,Books,Standard,43.83,1.6,936,6,15.3,0.79,1.26,38.6
ORD-12499,Apparel,Express,70.0,0.3,220,1,3.7,1.2,1.85,11.8
ORD-12500,Toys & Games,Standard,47.23,2.9,1114,2,9.0,0.86,1.34,41.1
